,,Male,,,,,,,,,,Female,,,,,,,,,,Total Sex,,,,,,,,,
,,Total - Highest certificate diploma or degree,Bachelor's degree,Degree in medicine dentistry veterinary medicine or optometry,Master's degree,Earned doctorate,No certificate diploma or degree,Secondary (high) school diploma or equivalency certificate,University certificate diploma or degree,Apprenticeship or trades certificate or diploma,College CEGEP or other non-university certificate or diploma,Total - Highest certificate diploma or degree,Bachelor's degree,Degree in medicine dentistry veterinary medicine or optometry,Master's degree,Earned doctorate,No certificate diploma or degree,Secondary (high) school diploma or equivalency certificate,University certificate diploma or degree,Apprenticeship or trades certificate or diploma,College CEGEP or other non-university certificate or diploma,Total - Highest certificate diploma or degree,Bachelor's degree,Degree in medicine dentistry veterinary medicine or optometry,Master's degree,Earned doctorate,No certificate diploma or degree,Secondary (high) school diploma or equivalency certificate,University certificate diploma or degree,Apprenticeship or trades certificate or diploma,College CEGEP or other non-university certificate or diploma
NOC_YEAR,NOC_CODE,G1EA1,G1EA12,G1EA14,G1EA15,G1EA16,G1EA2,G1EA4,G1EA6,G1EA8,G1EA9,G2EA1,G2EA12,G2EA14,G2EA15,G2EA16,G2EA2,G2EA4,G2EA6,G2EA8,G2EA9,G3EA1,G3EA12,G3EA14,G3EA15,G3EA16,G3EA2,G3EA4,G3EA6,G3EA8,G3EA9
2016,11,65227,71196,0,116778,0,39020,75326,88842,60129,70471,75456,86010,0,117132,0,0,40547,94868,0,55921,68524,81201,0,116950,0,38924,61499,93770,64107,58534
2016,12,132642,128246,0,151323,157263,67847,86786,142715,95760,107085,111274,117314,0,137231,139548,0,71817,130040,0,83403,122657,123372,0,144717,156449,67591,80127,137154,91667,92586
2016,13,144512,162883,0,174930,89941,78398,100884,164735,88498,103681,132809,146765,0,180841,104866,53837,101809,152334,106156,100415,141143,157194,0,175990,90062,65460,101146,160507,94806,102696
2016,14,114513,110832,0,134722,165858,0,70532,125751,110726,94981,92007,91267,0,118774,133102,68201,69710,103940,0,82111,101717,100018,353427,128081,163901,91925,70067,112139,81181,84340
2016,15,111026,141846,0,160708,0,73387,87742,144967,63606,103332,95089,125914,0,133299,0,49190,59360,125300,58184,73317,106841,136142,0,153908,0,70034,83714,139144,60672,93331
2016,16,122531,159929,0,198784,154252,66000,89654,166406,88455,105228,99210,129564,0,184283,0,53872,69330,138258,59304,85160,118972,152776,0,197954,150575,65684,86880,162423,87830,98056
2016,111,105009,104804,0,120034,161154,63640,90018,110161,62677,92850,84707,94716,0,108660,89082,75791,71585,96513,50322,71948,93897,99139,0,115445,105337,71333,74818,103225,53622,79031
2016,112,93960,100821,0,112216,0,66320,83797,104019,88397,79993,88436,91305,0,105177,0,65233,78713,93652,73493,80791,89649,93640,0,108120,135323,66271,80569,97186,84551,80551
2016,113,94489,99513,0,115132,0,86756,81008,104200,76157,90096,87679,95103,0,87516,0,79306,78811,92543,0,85002,91403,97906,0,107571,0,86725,80548,99510,76047,87102
2016,114,92226,101993,0,111191,133307,70764,70838,105830,79554,86512,75071,78477,0,104807,119731,67328,62025,86326,72927,69576,83045,89270,0,107393,133169,67409,66238,94542,74507,77419
2016,121,105496,112291,0,137437,0,60921,76493,115738,91599,91110,88818,93066,0,113953,0,68092,84052,94036,79404,76079,94993,101864,0,129339,0,68086,79296,105937,84066,82878
2016,122,99678,100384,0,127025,172320,95520,87340,109445,77602,86480,77871,83489,0,114434,0,67897,72103,87009,63095,72910,87210,92180,0,122402,134402,70147,75695,98877,73671,77080
2016,124,89910,90316,0,110359,131022,75792,80911,96318,75886,78233,77611,78924,0,90217,0,58101,72517,80757,48137,69456,82214,83441,0,99018,130715,62988,75662,86445,73616,73746
2016,125,63073,75255,0,80914,0,47699,53749,76920,52682,64415,59977,69511,0,67700,0,43043,50043,69438,60359,60735,62143,71284,0,72342,101880,46363,53185,72334,52847,63215
2016,131,99098,103219,0,121943,0,62033,87522,110687,85380,92490,88514,101262,0,93613,0,0,83431,96456,0,82508,94966,103129,0,113573,130636,62203,86775,106135,82346,90142
2016,132,79706,82518,0,84831,0,44162,77548,84148,0,77447,49600,96211,0,0,0,54801,38838,95785,0,65139,69211,82789,0,84899,0,44687,55262,84192,59015,74924
2016,211,120676,125694,0,129322,135735,0,0,125962,106564,106203,105010,107484,0,117423,0,0,0,109820,0,75398,118196,123261,0,125191,133624,0,0,123140,106829,101014
2016,212,105727,104169,0,116986,112957,0,0,109069,0,96727,95521,98141,0,92510,111400,0,0,99523,0,92193,102894,102364,0,107999,112729,0,0,105419,0,94483
2016,213,109337,113304,0,123168,134362,94243,98147,116045,98350,100204,104084,107170,0,111894,152976,82711,96998,108873,76318,97621,108297,111456,0,121159,134915,91422,97186,113306,93392,99416
2016,311,96473,94456,112642,105804,136926,0,67085,100938,81018,95131,93194,94572,98440,105730,126708,49990,59495,100255,59829,71855,93868,94543,99957,105744,128876,50161,61424,100437,69275,77053
2016,411,111796,105333,0,116421,117369,0,0,113430,0,99209,109961,102886,0,114315,115763,0,92883,113285,0,87744,110789,104475,0,115317,116039,0,92852,113318,0,95445
2016,412,109615,109651,0,113748,117697,0,101308,113100,0,96775,107095,106701,0,113666,0,0,106114,110599,0,93447,108669,108747,0,113699,117333,0,102347,111994,0,93555
2016,413,101403,82848,0,106010,0,0,0,101587,0,0,91354,99343,0,93951,0,0,0,93863,0,0,92548,87240,0,104390,0,0,0,94160,0,50883
2016,414,101961,101554,0,115108,105850,86401,88434,106970,87888,100167,98037,100516,0,102959,0,0,85710,102693,0,90262,100773,101461,0,111612,112474,80186,88337,104380,87888,97435
2016,421,94954,83360,0,101521,166304,0,55745,99452,0,77512,76766,73411,0,93917,138881,0,63917,82200,0,60050,82173,75615,0,95328,154313,0,62857,89078,0,63140
2016,422,116215,113328,0,120873,124946,0,0,116905,0,77511,112570,110674,0,116943,113248,0,0,113260,0,47156,113817,111899,0,118179,124133,0,0,114327,0,53208
2016,423,81283,81562,0,97439,0,0,70488,88039,58873,74972,70278,70815,0,91021,81582,51573,59568,77011,58326,63950,72355,72233,0,93662,81857,51666,63957,79817,58838,65690
2016,431,144029,141387,0,153156,0,0,139123,149952,0,139158,95067,97135,0,0,0,0,0,112879,0,0,140086,136417,0,154121,0,0,139123,144226,0,136581
2016,432,115768,110077,0,0,0,0,117954,128271,97304,115718,92935,0,0,0,0,0,0,123158,0,0,115054,117300,0,0,0,0,115690,124414,97304,110867
2016,433,101529,98156,220171,114649,0,0,88080,105172,93746,102557,96061,90689,0,113144,0,0,63242,99842,0,83567,100213,97265,211466,114491,0,0,83943,104408,89908,95533
2016,511,82644,77959,0,87828,0,0,59067,87140,0,68443,78648,61175,0,89644,0,0,54518,82474,0,81227,79253,68647,0,88610,0,0,59057,82904,0,80607
2016,512,79269,74538,0,108716,0,0,82960,85107,0,75005,66422,73517,0,77056,0,0,64284,73850,0,58373,71641,73787,0,91846,0,43254,68666,78087,0,68101
2016,513,60183,60082,0,79959,0,35012,56165,65056,0,62181,47280,49393,0,71821,0,37950,49799,52565,38911,41545,54721,57314,0,72429,0,35071,52120,59131,56887,53249
2016,601,107092,116261,0,117942,109678,77257,99311,115216,96778,103027,83220,95362,0,107101,0,67260,73338,95447,59334,76012,99508,108120,0,114164,108497,74959,89746,108457,84465,94068
2016,621,56391,61964,32032,62579,69404,47791,53324,61277,59855,59496,40770,46006,38564,48121,87067,35433,39579,45089,40075,41946,48721,54154,38409,58526,69446,41946,46112,53587,53911,50220
2016,631,37073,39651,0,37749,22261,28944,36898,38926,34160,40640,32722,33763,0,33878,0,28470,32501,33659,30451,34979,34887,36839,21617,36195,26093,28600,34758,36370,31487,37272
2016,632,49328,59130,0,77141,0,32268,40152,65785,44332,51801,44421,48117,0,38008,0,35248,36964,46701,42651,54155,46288,54291,0,59492,0,32996,38034,56239,42696,53732
2016,651,40144,38195,0,41502,0,29537,40681,38153,41747,49395,29958,31376,0,30036,0,21397,31658,31015,29164,29963,33998,35917,0,37460,0,26962,35862,35630,30340,35635
2016,711,76722,82853,0,88793,0,55038,66982,82499,84962,78685,60159,69351,0,82912,0,51967,50587,70507,85662,54982,74566,79886,0,88401,0,55037,64697,80179,85011,75821
2016,712,33155,48331,0,39752,0,25829,31734,44570,32436,36070,42780,52135,0,0,0,40247,38213,52019,0,49741,33940,48764,0,40029,0,26496,32395,44639,32426,37295
2016,714,68620,77437,0,84953,0,52575,59560,79850,78760,74901,58906,65477,0,94396,0,41246,55337,66886,37532,62458,66210,73354,0,86888,0,50154,58840,74986,76998,72126
2016,731,76383,84033,0,76606,0,62629,71236,81439,78399,80639,64402,65168,0,105022,0,42310,59626,77573,42397,66887,73663,78661,0,87671,0,59600,68985,79802,76011,76527
2016,811,119571,148195,0,178948,0,90535,89137,151612,82770,113336,113036,118174,0,0,0,0,63589,131308,0,0,117605,144731,0,153484,0,90535,83602,148132,82770,113538
2016,821,20077,26208,19834,26387,0,15298,24373,24963,14722,24773,14265,16678,0,18470,0,13228,12842,16729,15971,13802,18963,22546,0,24389,70732,15114,20898,22374,14769,21272
2016,822,52319,67328,0,0,0,34857,53814,64634,20446,52551,37950,34839,0,0,0,0,34477,40649,0,40581,47045,49121,0,0,0,33055,50950,50014,15971,49193
2016,823,0,0,0,0,0,0,0,0,0,0,0,0,0,0,0,0,0,0,0,0,12949,0,0,0,0,0,0,0,0,0
2016,911,84404,96239,0,109830,89420,69295,75206,96495,85479,84173,65428,79701,0,78546,102056,54103,59301,80182,45069,64431,81113,91956,81778,101504,101923,64695,71326,93323,81885,81178
2016,912,122045,130894,0,152040,0,60162,99418,137016,132385,119949,104010,128466,0,137444,0,0,89945,117953,0,96899,118048,130845,0,140364,0,58093,95608,134401,132160,113208
2016,1111,79526,81592,0,90074,78963,0,60717,83877,55493,67047,65035,68062,0,75277,74590,0,55871,69222,46918,58104,70371,73756,81123,81906,74710,0,56689,75122,50104,60766
2016,1112,85568,81493,0,108544,127586,0,66201,88403,0,68815,72461,73221,0,84532,78040,0,66854,75358,54016,66376,78207,76981,0,96968,116251,0,66539,81952,58007,66891
2016,1113,77708,87976,0,149561,0,0,60070,97459,0,54750,58647,61833,0,66987,0,0,58764,63776,0,53194,66456,77150,0,142848,0,0,58861,83550,40571,54620
2016,1114,68911,71277,0,89640,91827,49592,61256,73884,55972,62280,60980,63508,0,72755,0,57253,59402,63899,54086,58661,64343,67786,31697,83210,80000,55819,59916,69211,54787,59970
2016,1121,82786,79018,0,96444,88487,90383,81899,82260,123345,79036,69321,69932,0,86217,0,62383,64459,72074,59432,65672,72120,71901,0,88178,87265,73262,69464,74579,107289,67558
2016,1122,81313,83974,0,90848,85356,72839,66127,85414,68310,74303,75195,74051,0,82974,90313,85005,73182,77593,68828,71324,78456,79385,0,87243,89019,73300,71299,81456,68456,72472
2016,1123,64953,68013,0,76531,60012,41048,54468,69163,48801,60042,57719,58306,0,65165,72394,58576,52361,59493,44198,54704,59663,60761,0,69191,70037,44948,52554,61823,46075,56451
2016,1211,72323,83975,0,64096,0,74098,62862,82701,91704,73230,61791,63779,0,85210,0,63827,61235,63832,57310,60798,64167,65236,0,74172,0,64392,61717,66739,80506,63694
2016,1212,70475,74701,0,89273,0,57948,65013,77967,65465,66372,60864,63555,0,73449,0,58913,60779,63617,58091,59227,62973,65748,0,80256,0,57986,61433,67128,63147,60479
2016,1213,56704,46036,0,0,0,0,35678,56626,0,62591,60806,65922,0,62209,0,0,69785,63112,0,58052,60705,61102,0,63053,0,0,60182,62426,0,59744
2016,1214,70950,70431,0,0,0,70751,69683,70873,0,72102,59205,65103,0,0,0,55038,58085,65115,56394,60466,65864,69761,0,0,0,58043,62346,70424,59306,70506
2016,1215,57070,57822,0,71012,0,55251,56482,57709,59896,58858,50065,53059,0,49135,0,50321,48840,52076,42643,51885,54879,55965,0,58582,0,53664,54253,55545,55998,56087
2016,1221,66155,69581,0,84739,83284,52613,59697,71991,67869,64519,50081,53103,40027,65734,73417,46826,49132,54639,43755,48578,52030,56019,40549,71783,78802,47424,49914,57715,47322,50131
2016,1222,75083,77336,0,130163,0,0,64078,86061,0,65659,61344,59300,0,62690,58635,58608,63292,59806,55846,60791,61981,60563,0,73777,62797,59199,63304,61800,55743,60841
2016,1223,61922,61976,0,86473,0,56294,56180,62671,87000,58325,57318,57233,0,75504,0,31524,54542,59064,33094,57127,58540,58911,0,77615,0,50995,54920,60114,64419,57196
2016,1224,52770,66714,0,58057,0,33932,44237,64761,52577,50978,47330,51005,0,63922,0,34903,47215,51094,35542,46071,49190,57052,0,63813,27531,34351,46317,56440,43869,47895
2016,1225,64764,70701,0,78261,0,56945,60685,72081,63803,64171,56556,58099,0,69198,0,51394,52670,59364,57290,56545,60276,63550,0,73648,0,54554,56265,64718,57704,59994
2016,1226,50754,43833,0,77005,0,50597,53849,45745,40075,54778,49998,49056,0,50856,0,37731,48452,49892,44944,51381,50182,47797,0,51717,0,47148,51761,49107,41982,52185
2016,1227,78524,75929,0,111259,0,0,0,82246,0,78050,68871,77224,0,127355,0,0,0,78019,0,65575,73720,77096,0,127013,0,0,0,79815,0,67112
2016,1228,76862,78638,0,80335,0,0,62675,78774,83465,76724,63299,66507,0,67916,0,56006,60615,66871,54301,60400,68339,72599,0,72724,77152,55962,62107,72504,58710,66025
2016,1241,50065,49902,0,53139,0,48009,49618,50513,84477,49539,46838,45926,37722,49021,54419,41632,47241,46147,43327,47525,46978,46135,37722,49593,59908,42088,47308,46493,43729,47589
2016,1242,48641,46337,0,45018,0,0,48783,47040,0,49503,51488,47785,0,49717,0,44715,51671,48856,51010,52444,51405,47240,0,49673,0,44645,51597,48477,51117,52372
2016,1243,47851,49156,0,0,0,0,47242,51859,0,46684,45043,44700,37173,46121,0,40394,45391,44594,40363,45280,45125,44952,41032,46259,0,40737,45427,45056,39666,45317
2016,1251,34351,35264,0,0,0,0,0,35134,0,36494,45303,39532,0,0,0,0,46558,39542,0,47130,44453,38439,0,34304,0,0,45827,38327,0,46890
2016,1252,74545,74242,0,102804,0,0,60740,82342,0,0,58982,65760,0,100812,0,0,53968,68822,55591,57251,59859,66507,0,102228,0,0,55989,71294,55591,57449
2016,1253,56510,62070,0,65546,0,0,50957,60934,0,60223,52664,50450,0,52917,0,57705,53968,52745,0,51664,53157,52812,0,55934,0,54910,51924,53492,0,52696
2016,1254,62367,58766,0,66025,0,0,64354,61862,0,62496,60855,61807,0,78321,0,51546,58115,64039,0,59798,61786,61757,0,75476,0,51694,58470,62644,0,60625
2016,1311,53770,59049,0,82505,0,38682,45447,60631,38260,48189,44228,47800,0,49783,0,39371,43644,47844,43794,43223,45226,50785,0,59222,51013,39280,43880,51070,43579,43507
2016,1312,66539,66736,0,81122,0,0,62680,67690,65294,67716,59066,59839,0,67888,0,0,56623,60475,51225,58257,61698,62278,0,69554,0,0,59142,63047,55802,61730
2016,1313,68508,71069,0,76730,0,0,66286,71899,0,60074,58379,58372,0,55104,0,0,57618,60517,56611,57742,61474,63604,0,64846,0,0,58760,64842,56790,58594
2016,1314,69206,70604,0,76896,0,0,57499,75370,67412,68400,65665,67737,0,56324,0,0,60125,67787,0,58359,68045,68269,0,72887,0,0,58038,72875,67210,67554
2016,1315,52829,43481,0,73373,0,0,52792,47674,0,54063,45334,50903,0,0,0,0,46193,51008,43366,41979,47477,47164,0,50295,0,48751,49077,49691,49143,43152
2016,1411,48852,47862,0,53878,0,44624,48798,49154,48127,49315,45123,45596,27340,49625,0,39253,45612,45601,42304,45367,45656,45898,33613,51406,58655,39890,46080,46347,44193,45733
2016,1414,38233,37526,0,0,0,44450,37686,34663,39289,40597,34687,33822,33471,30708,0,32468,34857,33920,34886,35007,34789,33955,32703,30676,43265,32895,35005,34014,35007,35112
2016,1415,59989,57141,0,115925,0,0,60758,58493,0,62033,51877,49440,0,54906,0,0,53339,50752,0,51527,52430,50820,0,63140,0,0,53504,51881,57690,51934
2016,1416,54617,0,0,0,0,0,53299,0,0,54579,50627,49261,0,0,0,0,59962,49227,0,53440,51224,49241,0,0,0,0,56739,49256,0,53554
2016,1422,44509,41094,0,78813,0,48589,43295,44328,0,46289,39680,37547,0,41692,0,38011,39290,38721,42674,41377,40571,38348,0,51379,0,38548,39978,40225,43803,42067
2016,1423,63358,66209,0,0,0,0,78346,63457,0,59135,46831,0,0,0,0,0,43118,0,0,0,57183,58616,0,0,0,0,61518,57311,0,56031
2016,1431,49606,50007,0,55004,0,47537,49479,52012,48576,46634,45054,44848,0,47420,0,43770,45836,45067,41285,44801,45650,46266,0,50096,55805,43869,46157,46732,42323,44934
2016,1432,57503,55963,0,71856,0,0,61516,56211,0,57076,53864,54856,0,52153,0,51853,53468,54253,52833,54202,54261,54965,0,56724,0,51907,54018,54567,52875,54687
2016,1434,52208,54233,0,95393,0,38447,46267,56585,0,49201,46017,47256,0,47636,0,43891,46423,46462,40978,45863,47542,49282,0,60057,0,41581,46371,49462,41801,47177
2016,1435,47931,48782,0,31957,0,39884,50016,45535,42863,47439,45059,45489,0,30140,0,40541,45864,44156,45476,46203,46001,48135,0,31901,0,40500,47875,44411,45323,46713
2016,1451,50973,52982,0,0,0,0,47096,54174,0,50389,50997,50330,0,52364,0,30509,50168,50858,0,52302,50993,50767,0,52721,0,30509,49835,51502,0,51718
2016,1452,57509,62462,0,57807,0,46596,52761,61052,76937,56491,50484,52360,0,61664,0,44832,49480,53110,43949,50166,52221,54796,0,61469,0,44836,50034,54896,46594,51202
2016,1454,48427,50538,0,66563,0,38998,50333,51893,66370,41976,44854,43728,0,43633,0,0,40904,43761,0,47478,46402,48520,0,53587,0,36172,44686,50042,53399,46377
2016,1511,54736,56943,0,57643,0,53947,49907,56933,55593,55964,50743,56255,0,56991,0,50166,49550,56056,48010,50467,52586,56534,0,57055,0,51423,49762,56509,53263,54360
2016,1512,59789,60974,0,64543,0,59230,59675,61141,59936,59867,54679,58185,0,0,0,48592,56145,57740,45013,56517,58583,60020,0,62308,0,55507,58656,60019,57653,58541
2016,1513,38690,36332,0,34052,0,37152,40042,36027,32657,39580,28684,52972,0,0,0,26135,28833,45775,0,30334,37595,37101,0,34052,0,35185,39761,36180,31075,38816
2016,1521,42452,40667,0,36970,0,43556,42515,40387,44034,41024,35174,37324,0,35177,0,34024,35252,37455,34145,35977,40654,39976,0,36839,0,42110,40576,39755,41840,39362
2016,1522,44785,47113,0,51596,0,43580,44906,47360,45629,45652,41018,33200,0,0,0,38667,41118,37579,43974,42607,44167,44127,0,51569,0,41614,44274,44159,44793,45066
2016,1523,65323,65826,0,69317,0,64392,59906,66953,76606,67304,52325,52289,0,71322,0,50599,52521,52438,56430,51674,58043,58074,0,69439,0,58092,55938,59504,71136,57881
2016,1524,46945,49259,0,48727,0,47333,46363,48324,45982,46981,44014,49070,0,49016,0,38909,42890,48278,41937,46450,45859,49213,0,48870,0,43165,44504,48307,44425,46624
2016,1525,53542,53288,0,39031,0,52083,52890,52055,58537,54922,50351,58049,0,45053,0,36611,49059,57808,41806,54148,51993,55852,0,42135,0,44196,51426,54197,56247,54724
2016,1526,59723,53110,0,58625,0,62332,57767,53112,60738,63852,52285,53270,0,0,0,47573,50724,53491,0,53322,54273,53153,0,58744,0,54368,53092,53222,55442,58461
2016,2111,116723,95648,0,112050,122722,0,0,119867,0,80559,83583,67249,0,84510,84463,0,0,83583,0,0,109445,83601,0,104439,121421,0,0,111639,0,80559
2016,2112,72800,67815,0,71574,83820,0,66328,73595,0,62395,66717,66202,0,64849,79178,0,0,67616,0,62269,70502,67333,0,68556,83217,0,60609,71231,0,62340
2016,2113,92072,89564,0,97127,107255,0,0,94938,0,77241,83693,82845,0,85539,80809,0,0,83628,0,0,89496,88397,0,92149,98422,0,0,89957,0,77241
2016,2114,94785,91992,0,0,98213,0,0,94529,0,0,92433,0,0,0,0,0,0,92433,0,0,94528,91875,0,97467,97768,0,0,94289,0,0
2016,2115,88363,85370,0,82899,123303,0,0,93434,0,0,87515,88732,0,0,0,0,0,87515,0,0,88349,87231,0,84912,114596,0,0,90416,0,0
2016,2121,78936,74479,0,75580,93415,0,0,79479,0,63330,69459,66276,0,67542,83988,0,0,70332,0,59621,74703,70456,0,72642,90191,0,49440,75343,0,60920
2016,2122,82776,82871,0,97912,0,0,0,83974,0,72530,63169,62127,0,0,0,0,0,63065,0,0,81943,82108,0,92473,0,0,61016,82582,0,72530
2016,2123,59906,87601,0,75352,0,0,41997,75266,37928,57731,55891,53747,0,0,0,0,0,65071,0,52341,59237,70561,0,80206,0,0,41199,70598,51577,52799
2016,2131,90085,91486,0,98667,103957,0,62715,93929,79551,73713,79008,77593,0,85191,82828,0,0,80825,0,64153,88053,88660,0,95977,101403,0,62684,90920,79582,72895
2016,2132,88996,90664,0,96402,112610,0,71348,93019,83296,75981,84290,83897,0,91025,85807,0,0,85410,0,77527,88321,89851,0,96149,111643,0,68584,92100,83040,76064
2016,2133,99224,100814,0,108607,116298,0,79475,103492,87534,85211,87410,84885,0,96413,109126,0,0,88494,0,72299,97871,99056,0,105456,115445,0,79542,101532,87538,84352
2016,2134,95403,96642,0,100289,124557,0,64234,98141,0,79112,88735,88638,0,84911,0,0,0,88672,0,0,93876,95097,0,93504,124751,0,64234,95288,0,81683
2016,2141,83385,84084,0,84432,101813,0,72089,84721,91353,80949,69715,80521,0,70885,0,0,44103,76328,0,55816,81264,83377,0,83501,101427,0,64865,83619,87026,78518
2016,2142,99516,92633,0,99260,120607,0,0,99993,0,95615,103883,89561,0,0,0,0,0,103883,0,0,99866,92591,0,100756,118514,0,0,100550,0,95615
2016,2143,114649,115732,0,133447,0,0,0,119846,0,94995,109774,123151,0,0,0,0,0,123213,0,0,114424,115926,0,132842,0,0,0,119932,0,96043
2016,2144,94341,86536,0,99685,174862,0,0,94950,0,0,90991,0,0,90896,0,0,0,90991,0,0,92557,82402,0,97303,121783,0,0,93815,0,0
2016,2145,100488,88793,0,0,0,0,0,88949,0,0,111582,0,0,0,0,0,0,0,0,0,100891,87953,0,0,0,0,0,88622,0,127407
2016,2146,93131,89779,0,99466,103072,0,78526,93907,82732,94266,85230,85459,0,101403,0,0,0,86405,0,0,92774,88074,0,99493,103328,0,69375,93379,82732,92169
2016,2147,97946,100522,0,103684,110116,0,87291,101352,76769,90938,91998,99769,0,94612,94593,0,80310,97984,0,81866,97426,100499,0,101878,107270,0,85809,101017,77026,89387
2016,2148,93312,89176,0,98340,104093,0,0,95076,0,89568,82580,77168,0,84952,85679,0,0,83272,0,0,89420,88393,0,94579,95973,0,0,90605,0,89104
2016,2151,75981,80116,0,71081,0,0,123586,75587,0,76986,65050,72155,0,60683,0,0,0,65541,0,59952,71724,77538,0,65812,0,0,105471,71826,0,66340
2016,2152,81264,89642,0,51635,0,0,0,83692,0,52173,68655,71210,0,62476,0,0,0,67887,0,0,74982,78719,0,56669,0,0,0,75038,0,58687
2016,2153,82436,82924,0,82874,0,0,78234,83518,75393,75729,73634,72991,0,79617,0,0,51493,75809,0,59898,77818,77534,0,81732,115116,0,60896,79557,75393,68785
2016,2154,65405,78447,0,55695,0,0,57461,74036,79273,62359,62884,79376,0,0,0,0,0,74844,0,0,65296,78456,0,64320,0,0,53967,74056,79273,62270
2016,2161,97269,101656,0,88302,102507,0,64877,99750,0,46740,84653,89690,0,84194,77809,0,69047,85956,0,58368,89737,99117,0,85507,90418,0,66742,91018,0,57092
2016,2171,83411,84131,0,89686,89584,0,78383,85717,74317,80491,79984,81330,0,81340,101724,0,75074,81368,68933,77348,82224,83277,77700,87011,91445,0,77355,84209,73820,79564
2016,2172,88870,91511,0,94007,83110,0,79620,93863,78660,80820,70879,77025,0,85637,78690,0,62903,78837,0,60527,83370,86295,0,91442,83026,0,70715,87922,68734,75594
2016,2173,96245,97196,0,98681,108678,0,85254,97598,87057,88488,87825,90339,0,86720,108308,0,76681,88393,0,88775,94715,95673,0,96117,108543,0,83886,96015,81652,88560
2016,2174,82160,84309,0,88199,86497,0,71901,85389,80853,75424,79805,79752,0,83041,85225,0,69502,81168,0,74173,81405,83144,0,86906,86371,0,71709,84259,79266,75357
2016,2175,57379,60614,0,70070,0,0,45706,61806,46358,54371,58499,59035,0,69194,0,0,49029,60182,0,57153,57932,60246,0,69740,0,0,46183,61114,40770,54979
2016,2211,65142,63265,0,67554,75974,0,56898,64713,74212,68617,56394,56388,0,60918,73048,0,46219,59186,39199,58387,60855,59430,0,63914,74838,0,51170,61729,62826,65671
2016,2212,70597,92295,0,0,0,0,55847,75430,61519,77519,58336,45775,0,0,0,0,0,50361,0,66147,68931,69569,0,62878,0,0,55219,69122,58528,75735
2016,2221,61606,61643,0,69599,73565,0,53261,68646,53335,58864,61369,63728,0,68608,0,0,39708,65078,0,53007,61533,63212,0,68983,73646,0,45740,66236,46946,57800
2016,2222,74427,75429,0,70668,0,0,64220,74888,0,79450,65801,71532,0,59596,0,0,53979,70848,0,64420,71327,74043,0,66416,0,0,61037,73256,0,73963
2016,2223,63591,64749,0,0,0,0,71839,64668,0,62588,58345,55640,0,0,0,0,0,62625,0,51032,63172,64607,0,59549,0,0,62604,64110,0,62181
2016,2224,74798,73293,0,74165,0,0,56332,74246,0,76518,62538,64571,0,0,0,0,0,66630,0,0,73342,66919,0,74732,0,0,56494,73517,0,76314
2016,2225,49880,52567,0,57100,0,38372,43249,54016,50046,54347,43759,52005,0,60387,0,0,28410,53071,35387,36845,48831,52314,0,58363,0,37483,42888,53783,49404,52357
2016,2231,68505,63636,0,82413,0,0,60063,64338,72723,70488,66628,64957,0,81977,0,0,69006,68427,0,64399,68187,64339,0,82182,0,0,61336,65885,67809,69609
2016,2232,74186,71361,0,82332,0,0,64969,74274,79949,75591,64503,68964,0,0,0,0,44986,69015,0,57819,73695,70991,0,80865,0,0,62127,73340,79678,75355
2016,2233,64904,61271,0,65175,0,0,62498,61332,69588,66584,53381,53475,0,58222,0,0,47038,53426,0,59070,62961,59306,0,63972,0,0,59525,59356,69434,65103
2016,2234,71289,71138,0,74168,0,65221,65479,71154,78892,73264,55347,66832,0,71793,0,0,52532,65294,0,50806,69090,70849,0,73167,0,64433,62486,70108,78368,68527
2016,2241,71455,62633,0,72828,71121,47718,49249,68608,79655,77728,47939,49186,0,53489,0,37994,45633,49181,33540,56712,69499,61287,0,70206,101051,45417,48533,65375,78487,76034
2016,2242,50782,51573,0,49789,0,47904,45985,50056,54248,53161,44958,42495,0,46918,0,37917,46718,42944,0,47518,50426,50654,0,49289,0,46795,46009,49659,54350,52868
2016,2243,86691,68063,0,0,0,0,65318,73076,77765,90798,55963,0,0,0,0,0,0,0,0,56535,85506,81635,0,0,0,0,63105,76801,77487,88509
2016,2244,73243,70549,0,62625,0,0,66957,69557,71901,77977,68682,0,0,0,0,0,0,0,0,68971,72883,70531,0,62625,0,0,67102,69538,70892,77116
2016,2251,59278,59838,0,59006,0,0,46109,58864,0,60581,52097,53517,0,61713,0,0,0,55438,0,46934,57471,58385,0,60055,0,0,42647,58541,0,57496
2016,2252,65914,65261,0,72875,0,0,67160,66797,65099,65135,56204,56779,0,64394,0,0,77346,59445,0,54686,64224,62852,0,67030,0,0,67176,64799,63946,62984
2016,2253,59695,59732,0,59789,0,0,57187,59573,62123,59870,51186,52102,0,55617,0,0,57830,51154,0,50701,56279,54728,0,57587,0,0,57746,54643,62030,56371
2016,2254,53949,49031,0,0,0,0,49794,48992,0,56860,50807,0,0,0,0,0,0,0,0,0,53772,50696,0,0,0,0,51458,48987,0,56875
2016,2255,68378,65779,0,67148,0,0,58041,67262,0,69872,67159,65300,0,72341,0,0,0,65861,0,68754,67621,65524,0,70322,0,0,49329,67104,0,69093
2016,2261,79308,71186,0,0,0,0,68798,69925,88406,83072,59579,0,0,0,0,0,0,0,0,0,78592,70072,0,0,0,0,67290,69054,91818,81603
2016,2262,83799,90369,0,83544,0,0,71134,87196,82447,84461,63295,68269,0,0,0,0,60038,68118,0,74798,79667,80704,0,80684,0,0,64113,80886,85045,81894
2016,2263,80604,81500,0,84912,87659,58407,77877,81153,84521,81264,74800,78358,0,82152,83817,59516,61742,78303,55452,68828,78208,79973,75655,83556,83907,58538,68784,79801,83320,77166
2016,2264,71651,73579,0,69721,0,0,65868,69982,84879,72613,64372,60514,0,0,0,0,63241,60632,0,66137,70757,70053,0,66903,0,0,65764,69675,84602,71473
2016,2271,113149,115578,0,119748,0,0,132962,117094,107775,106486,83649,87903,0,0,0,0,68198,89151,0,81357,109705,110146,0,117120,0,0,130860,112980,107775,101533
2016,2272,125789,125880,0,0,0,0,130183,125684,157915,123813,78040,84955,0,0,0,0,53632,74127,0,79016,113979,116337,0,0,0,0,117302,113877,128391,113697
2016,2273,74914,67848,0,0,0,0,79388,68221,68949,96394,75789,0,0,0,0,0,0,0,0,0,74928,68335,0,0,0,0,78439,68630,68949,76702
2016,2274,93077,97255,0,0,0,0,0,102724,0,87671,0,0,0,0,0,0,0,0,0,0,96877,100068,0,0,0,0,0,102499,0,87671
2016,2275,86675,80951,0,0,0,0,95048,80951,105107,88748,72799,0,0,0,0,0,0,0,0,0,84765,81187,0,0,0,0,94820,81187,105107,84987
2016,2281,70116,72912,0,79630,106852,67647,67722,73999,67839,68677,61297,67041,0,75418,0,39117,56320,67546,35016,61336,68714,71725,0,78214,106959,53113,63505,72990,65009,67568
2016,2282,63854,66914,0,82682,78519,68078,56013,68010,61694,61213,58687,61087,0,57035,0,40439,51482,61058,50995,61840,62941,65506,0,79183,78769,60962,54695,66849,58967,61586
2016,2283,69837,74620,0,68207,0,0,65944,73027,0,68449,67336,67762,0,70214,0,0,65143,67611,0,67552,68657,70986,0,69277,0,0,65656,69231,0,68356
2016,3011,77225,76982,0,89416,0,0,38884,77512,0,80756,77959,79060,0,82254,0,0,43495,79581,47114,74529,77869,78901,0,82986,0,0,43295,79460,39759,75918
2016,3012,84200,79428,92310,90957,0,0,68614,82421,66480,87329,82294,79222,75307,90004,102403,0,71284,80891,61551,85619,82426,79233,78647,90269,100424,0,70448,81039,63446,85766
2016,3111,134910,80139,138773,119784,142517,0,0,134986,0,0,92914,74400,88879,123759,124947,0,0,93038,0,0,122926,76211,127765,120598,140737,0,0,123069,0,0
2016,3112,113747,34379,119577,105964,98030,0,0,113889,0,0,93152,49235,95939,92507,96350,0,0,93163,0,0,102176,35949,108142,96944,96580,0,0,102298,0,0
2016,3113,119960,0,119051,139169,96052,0,0,119905,0,0,98357,0,98000,98497,156698,0,0,98357,0,0,110167,0,109743,121897,109848,0,0,110064,0,0
2016,3114,87625,0,85998,101482,100681,0,0,87625,0,0,81565,43019,82751,73639,93341,0,0,81565,0,0,83052,47197,83135,83560,98299,0,0,83052,0,0
2016,3121,101855,0,101715,0,0,0,0,101855,0,0,72880,0,82661,51470,0,0,0,72880,0,0,85427,0,89929,52143,0,0,0,85427,0,0
2016,3122,58842,56415,58979,59239,52590,0,0,59011,0,49298,50524,29996,62012,0,45360,0,0,50662,0,0,57055,53721,59034,56947,51684,0,0,57428,0,49271
2016,3124,96244,92191,0,99837,0,0,0,96286,0,0,96009,95280,81408,98562,113919,0,0,97052,0,53315,96046,94993,81300,98850,120379,0,50992,96879,0,61324
2016,3125,55268,50229,26192,0,0,0,0,51946,0,83017,50990,50767,48103,60568,0,0,0,51742,0,51039,52760,50406,48021,75326,0,0,0,51827,0,62381
2016,3131,103284,103773,115232,103846,100725,0,0,103714,0,0,100096,100782,95987,103060,103401,0,0,100555,0,51572,101222,102022,98303,103346,102193,0,47608,101703,0,51647
2016,3132,62864,79998,0,0,0,0,0,76532,0,0,67686,69353,0,68776,0,0,38658,70085,0,44112,67663,69828,0,69202,0,0,38729,70764,0,44270
2016,3141,83843,0,0,84302,0,0,0,83843,0,0,78852,60928,0,79570,83894,0,0,78976,0,0,79471,58313,0,80213,83949,0,0,79526,0,0
2016,3142,72532,79378,0,69752,73172,0,0,73108,0,50745,73571,81395,44324,72222,59113,0,0,75156,0,44044,73170,81011,44536,71853,72160,0,0,74514,0,44588
2016,3143,75141,85422,0,70259,0,0,0,80436,0,0,74540,80461,0,72831,0,0,0,75143,0,51695,74579,80821,0,72115,0,0,0,75226,0,51969
2016,3144,43310,43314,0,40016,0,0,0,43408,0,45091,42259,40699,0,52881,0,0,0,42342,0,43121,42277,41173,0,48526,0,0,0,42399,0,43163
2016,3211,80472,78662,0,78453,0,0,44661,78664,0,81771,79452,77957,0,70452,62201,0,58197,77218,0,81138,79607,78030,65623,73815,72030,0,58136,77662,0,81328
2016,3212,50716,49772,0,0,0,0,39897,49148,0,52445,48094,48439,0,55109,0,0,47580,48520,45758,47699,48424,48672,0,55256,0,0,46533,48794,47730,48287
2016,3213,43166,40150,50690,0,0,0,0,50790,0,49864,35267,37731,61693,0,0,0,30191,37859,0,34995,35525,38219,52266,0,0,0,29879,39437,26982,35171
2016,3214,86563,84523,0,0,0,0,0,84988,0,87734,82677,83343,0,73037,0,0,0,83082,0,82127,83318,83537,0,87062,0,0,38746,83397,0,83696
2016,3215,85856,83118,0,81264,0,0,81896,83504,104999,86795,79794,78643,0,87139,0,0,70422,79902,0,79821,81209,79943,81553,86976,0,0,70780,81081,102216,81293
2016,3216,78263,67248,78212,0,0,0,0,72000,0,84163,73773,74313,68439,71753,0,0,0,70909,0,79153,74059,72489,70478,71900,0,0,0,70975,0,80039
2016,3217,63817,0,0,0,0,0,0,66276,0,56967,58360,59342,0,0,0,0,55907,59437,0,58004,59128,62674,0,0,0,0,56053,62639,0,57863
2016,3219,49204,47354,51086,58265,0,0,43968,51114,0,48701,39771,39458,35173,41173,0,0,36159,40364,41569,41492,40770,41055,36396,53561,0,0,36357,42213,44172,42060
2016,3221,47390,52793,0,0,0,0,0,59241,0,43084,41584,0,0,0,0,0,0,0,0,35445,43610,52793,0,0,0,0,44464,52916,0,42254
2016,3222,59037,0,0,0,0,0,0,71626,0,52147,58257,58806,46820,0,0,0,39515,57823,54839,58522,58281,58805,53096,0,0,0,39515,58204,54839,58508
2016,3223,51702,54888,0,0,0,40111,48075,49910,66372,52191,45559,46293,0,0,0,50145,38398,46176,0,46563,48656,53118,0,0,0,45049,42185,49734,53981,49083
2016,3231,56711,49135,0,0,0,0,32638,50332,0,58562,53023,56167,0,0,0,0,38210,51580,0,55760,54382,54094,54393,45475,0,0,33850,51084,53364,57022
2016,3232,24041,14739,23998,33200,21572,0,16015,21906,0,33449,18372,20846,17111,16612,0,0,31654,17076,0,18822,21142,17016,22347,25216,16460,0,20213,19051,18319,22953
2016,3233,59085,58410,58994,0,0,0,58737,58787,0,59245,55711,58093,0,59846,0,0,53247,56969,56364,55678,56185,58108,59047,57769,0,0,53355,57837,56856,56103
2016,3234,93911,95622,0,89468,0,0,64031,95521,82078,93999,85932,91355,0,0,0,0,49554,91657,56659,85697,91256,93670,0,102166,0,0,58800,93638,79370,91200
2016,3236,30764,33042,0,0,0,0,0,31544,0,29957,29889,33327,19498,30120,0,0,19803,31101,26188,29579,30047,33180,19501,20807,0,0,15279,31543,25300,29583
2016,3237,44217,37661,0,0,0,0,36077,35531,0,47342,39678,43940,0,0,0,34415,36463,41387,39531,38762,40655,43794,0,26140,0,34415,36437,41076,39531,41409
2016,3411,36258,0,0,0,0,0,0,31564,0,29272,38396,40492,41746,29898,0,0,41810,40525,39682,37802,38355,40421,40426,29948,0,36376,41410,40349,39797,37776
2016,3413,44736,44521,0,52753,0,43802,45662,45043,44566,44336,40751,41882,43703,49617,93977,38609,40410,42400,40830,40640,41089,42222,43648,50936,84489,39354,41332,42723,40969,40863
2016,3414,48041,49166,0,58330,0,0,43820,49821,49859,50041,39843,38929,0,57818,0,39495,37468,41752,36957,41290,41379,41169,0,58305,0,38212,38379,44424,39600,43166
2016,4011,130441,79736,144898,103053,134127,0,0,130441,0,0,117129,72255,81368,93474,121436,0,0,117091,0,0,124878,76395,144813,99714,128489,0,0,124858,0,0
2016,4012,19060,13831,0,13155,45239,0,46794,16921,0,55680,38566,31973,41449,23078,52569,0,46270,33893,0,57567,28166,18965,24184,16978,49890,0,46732,22929,0,56541
2016,4021,86193,83631,0,101208,96540,63233,73376,90499,91811,82665,76016,73273,0,95760,96832,40570,55048,85690,38363,61020,81315,77974,0,96877,96646,56487,63942,88086,83250,71801
2016,4031,92494,91402,0,94902,94925,0,71869,92611,95026,86840,88580,88929,0,88289,94047,0,39596,89039,45661,43909,90220,89806,83060,92006,94857,0,43590,90443,87022,58576
2016,4032,87979,88557,0,87282,74211,0,56025,88243,0,47538,83773,85213,0,83161,94744,24748,37447,85235,30693,39184,84759,86101,83515,84035,93740,24812,38621,86010,31500,39292
2016,4033,70055,69015,0,76718,0,0,0,72486,0,59270,66930,67180,0,74120,0,0,63093,69020,0,55919,67619,67506,0,75020,81495,0,63128,70098,0,57611
2016,4111,305363,305562,0,288165,0,0,0,305363,0,0,305894,305672,0,305946,0,0,0,305894,0,0,305567,305596,0,305590,0,0,0,305567,0,0
2016,4112,136811,140403,161208,138489,122068,0,0,136832,0,0,121318,124600,97216,123644,99993,0,0,121289,0,0,129663,133061,131430,131854,112962,0,0,129659,0,0
2016,4151,85992,54603,0,69521,113107,0,0,85992,0,0,70688,49892,0,66315,101655,0,0,70595,0,0,73955,50455,0,66834,104579,0,0,73883,0,0
2016,4152,64883,64344,0,75246,0,0,49392,69334,0,52752,68240,67302,0,76076,77534,0,54868,71389,55690,56430,67513,66897,0,75960,77549,0,54393,71062,55623,55622
2016,4153,54598,55953,0,62781,0,44309,61216,56751,0,53644,54503,55090,0,64147,74792,36575,45827,57283,0,49854,54530,55131,0,63483,46043,38313,51649,57151,38805,50788
2016,4154,54398,50109,0,59740,69906,39103,44721,57102,37993,49005,52331,43411,0,59469,63153,0,37018,55190,0,38870,53944,49309,0,59614,69329,38823,44070,56632,36199,45153
2016,4155,76171,76110,0,82375,0,0,0,76155,0,0,75928,75965,0,76017,0,0,0,75955,0,51951,76003,76011,0,76237,0,0,0,76016,0,63094
2016,4156,51062,51758,0,50653,0,0,42442,51842,0,49909,50905,53867,0,54233,0,0,47202,54252,0,47686,50966,53269,0,52892,0,0,46389,53516,0,48547
2016,4161,89654,90870,0,95880,102867,0,63726,94503,57655,80804,81902,82326,0,85186,95869,0,63202,83876,0,69890,85673,86192,0,91262,96753,0,63698,89971,53620,74824
2016,4162,94141,87442,0,98524,112613,0,79739,95843,0,80812,83173,81086,0,91227,100943,0,76936,86649,0,74801,88421,84905,0,96167,111616,0,77283,91895,0,76101
2016,4163,73091,72570,0,89885,93233,0,62325,76089,77867,66538,62246,63657,0,72738,65696,0,60895,65053,62096,56469,66657,67611,0,80825,73882,0,61566,69852,73169,59997
2016,4164,78543,74642,0,85622,102992,0,71762,79760,0,70982,73174,73595,0,79911,74070,0,66090,76242,0,66684,74861,73965,0,81688,85929,0,67169,77484,0,67331
2016,4165,77360,74174,125629,78728,85912,0,58454,78436,0,68766,71418,70567,61953,78241,84306,0,56809,75086,47857,57583,72767,71327,78989,78363,85638,0,56870,76251,48452,59839
2016,4166,75335,73031,0,80066,70738,0,71857,76462,0,71376,67913,63695,0,76875,75457,0,66221,70127,0,62514,69850,65716,0,77969,75036,0,66580,72119,0,63709
2016,4167,60478,62362,0,62126,0,0,43258,62136,0,60514,59014,60286,0,56134,0,0,49397,60125,0,58282,59255,61262,0,60028,0,0,48120,60910,44128,58865
2016,4168,88900,90884,0,97496,101872,0,75042,94381,0,78094,82529,82630,0,95420,87388,0,70554,86978,0,68392,84515,84630,0,96913,100501,61562,70872,90505,70320,75275
2016,4169,74274,76950,0,64922,89805,0,105564,74474,0,64024,65653,68348,0,62595,73723,0,0,65745,0,48333,68421,72115,0,63515,82283,0,95483,68952,0,53332
2016,4211,50792,49025,0,49648,0,0,51882,50801,0,50948,53762,51732,0,59939,0,49411,54922,52000,56078,54301,53391,51040,0,54793,0,45548,54420,51615,51972,53940
2016,4212,50093,54196,0,61410,0,35583,48007,54939,42431,48536,51138,54740,54902,63353,67343,41035,49099,55074,45677,49521,50932,54676,52967,62368,57008,39779,48543,55043,45308,49264
2016,4214,37582,42122,0,0,0,0,27590,42021,0,43538,34347,35182,0,33729,0,22612,27491,34953,30358,35915,34391,35315,0,33774,0,23006,27516,35084,30352,35972
2016,4215,53178,53231,0,0,0,0,0,54670,0,52748,48740,46963,0,58843,0,0,45878,50524,0,46797,49174,47819,0,64177,0,0,43914,51142,0,47697
2016,4216,31917,34853,0,18160,0,47882,31637,27899,17225,42368,32054,27035,0,46560,0,33986,34893,27640,33108,34666,31992,29846,0,25929,17006,34007,32583,27885,27335,39824
2016,4217,40967,43344,0,54281,56070,0,56579,44635,0,39444,36914,31039,0,43689,0,0,36787,38809,0,36600,39053,40131,0,46244,61463,23054,39027,41079,0,37640
2016,4311,107406,107945,0,109896,0,0,108705,108382,107441,106303,100043,101947,0,95135,0,0,97307,101525,98941,99853,105854,106543,0,105341,0,0,106788,106726,106232,105008
2016,4312,102763,102379,0,89586,0,45854,107907,102604,104989,100886,93325,93828,0,0,0,0,91539,93626,0,92750,102119,101515,0,89446,0,45854,107685,101589,105007,100489
2016,4313,67645,69169,0,86939,0,64338,66991,72763,67810,68071,65296,67738,0,63472,0,62439,64402,66835,64956,65489,67294,68424,0,84435,0,64281,66512,69898,67697,67715
2016,4411,19368,21324,0,0,0,10046,17215,0,0,20951,18390,22398,0,20353,0,11851,16424,22454,17594,17791,18410,22375,0,20389,0,11558,16433,22451,17667,17933
2016,4412,37338,37449,0,55045,0,24852,39422,40476,33324,36735,33124,31375,0,34448,0,25968,30822,31564,35026,35403,33625,32381,37438,36855,0,25885,31992,32673,34984,35613
2016,4413,41385,47361,0,41789,0,0,41155,41345,0,41430,38695,37805,0,40623,0,25052,39318,38469,38746,38929,38933,38094,0,40636,0,25052,39494,38555,38753,39263
2016,4421,53657,0,0,0,0,0,51110,0,0,64396,46329,0,0,0,0,0,0,0,0,56206,53098,46335,0,0,0,0,39878,52005,0,64312
2016,4422,79632,79303,0,79306,0,0,79967,80123,83591,79350,78210,79792,0,0,0,0,79877,79556,0,77594,79208,79739,0,79250,0,0,79924,79714,82741,78655
2016,4423,70916,72376,0,67662,0,0,69844,72470,69593,71229,66260,68856,0,56112,0,0,57831,69113,59222,66444,69406,71902,0,63901,0,0,68667,71902,67415,69642
2016,5111,77219,62160,0,79741,0,0,0,77684,0,0,72515,51798,0,76844,0,0,40298,74988,0,58121,73514,53855,0,77395,78628,0,40214,75326,0,58201
2016,5112,68088,61365,0,71333,0,0,0,72238,0,0,61379,56576,0,64977,0,0,0,60956,0,66625,62647,57926,0,68848,99722,0,0,64971,0,62649
2016,5113,71208,0,0,67891,0,0,0,68091,0,0,59690,51189,0,62633,0,0,0,62488,0,55546,62185,69276,0,65328,0,0,0,65323,0,58645
2016,5121,56107,63112,0,37107,64819,10507,33012,59220,51082,58067,52846,54450,0,58439,55587,0,36289,55559,0,53583,54124,57966,0,51318,55639,11671,36148,56450,48811,54008
2016,5122,56762,55314,0,67640,49437,0,54567,56039,0,60725,52765,54972,0,53461,43887,0,49258,54090,0,49203,54622,54980,0,56171,43940,0,50063,54839,0,55230
2016,5123,57970,70189,0,61204,0,0,57899,68420,0,48508,62760,62790,0,73468,0,0,0,64441,0,51986,60789,67234,0,66344,0,0,71710,66980,0,49675
2016,5125,50769,54904,0,53545,0,0,0,54834,0,48002,62455,68419,0,64319,0,0,0,66157,0,54493,57977,63611,0,57912,0,43115,17974,62188,0,51454
2016,5131,58506,66690,0,66481,0,41704,46642,66668,15275,54991,64645,64103,0,60575,0,0,68785,64349,0,66273,60788,64733,0,64489,0,45131,55397,65086,16670,57867
2016,5132,36157,39036,0,50042,0,0,17617,36287,0,17697,39478,39549,0,42743,0,0,0,39611,0,0,36423,39157,0,46695,0,90686,16569,39019,0,20044
2016,5133,16295,15398,0,24947,41198,17588,15095,16714,0,16832,17793,18315,0,16221,0,0,11503,18624,0,19132,16988,17711,0,20089,40964,15448,15040,18236,0,16971
2016,5134,25707,0,0,0,0,0,25664,17320,0,0,25822,30566,0,0,0,0,19625,31717,0,35908,25785,25815,0,0,0,0,19915,25831,0,35898
2016,5135,18487,18430,0,0,0,0,11073,20241,0,19924,15210,8188,0,0,0,0,0,11207,0,27983,17572,17549,0,35125,0,0,10693,18224,0,22890
2016,5136,26521,29690,0,25007,0,15002,17392,28830,63253,30819,11292,12384,0,13673,0,0,12589,12400,0,6651,16980,16350,0,17517,0,16453,15036,16880,36445,19015
2016,5211,56186,54828,0,0,0,0,0,54969,0,59072,53227,53024,0,53921,0,0,53671,53128,0,53555,53837,53171,0,56326,0,0,55142,53931,0,53791
2016,5212,39403,31150,0,0,0,0,34574,42890,0,57619,44362,45819,0,50347,0,0,42784,50703,0,39990,42872,44394,0,50824,0,0,34624,50388,0,49700
2016,5221,25959,26336,0,37179,0,23260,22819,25348,32951,28864,21150,18471,0,25266,0,0,20824,18140,0,22235,23528,21237,0,25294,0,23652,21920,21174,32875,25899
2016,5222,49813,45494,0,0,0,0,45100,32337,0,60700,39236,38505,0,0,0,0,0,36985,0,41797,48362,45316,0,0,0,0,43450,36887,0,57876
2016,5223,53939,51578,0,0,0,35402,68007,53884,0,50217,52386,58289,0,0,0,0,62979,58361,0,52098,53917,53807,0,0,0,44567,63931,53974,0,51802
2016,5224,68010,68808,0,82874,0,0,66055,68299,0,66796,67163,0,0,0,0,0,0,0,0,54185,67944,68898,0,83159,0,0,63183,68477,0,66623
2016,5225,52076,54674,0,83815,0,52100,50251,56839,39909,52602,61655,64540,0,0,0,0,0,62554,0,48247,52594,56295,0,76839,0,52100,51398,57219,39903,52542
2016,5226,64367,76958,0,99379,0,61154,55720,75253,48120,64808,61625,63779,0,75543,0,0,50830,63912,70155,61143,63639,69921,0,80697,0,60982,55615,67805,62475,63586
2016,5227,53891,50447,0,0,0,34104,60455,51735,58001,53692,45334,46188,0,0,0,0,55233,44158,0,45593,48351,46330,0,57584,0,33214,59621,46233,55208,49200
2016,5231,47987,73019,0,0,0,32676,44263,72826,0,48448,47835,48492,0,0,0,0,41929,58144,0,49519,47972,65338,0,0,0,32697,44228,63168,0,48598
2016,5232,24027,24752,0,0,0,16034,22797,24024,0,26407,18638,31291,0,0,0,0,16042,31270,0,0,22823,27568,0,71724,0,10911,18882,27448,0,25230
2016,5241,49288,48923,0,55341,0,42509,41175,48961,37370,51314,44305,46880,0,56033,0,37156,39930,47344,44096,42555,46661,47885,0,55669,0,41303,40846,48202,44089,47075
2016,5242,47916,48135,0,41061,0,30087,41589,48358,32199,55290,42780,44014,0,43471,0,44660,36338,43630,32710,42713,43687,44921,0,43296,0,42321,38857,44812,32255,44502
2016,5243,44131,45720,0,0,0,0,37961,47253,0,52935,35735,38784,0,60261,0,21672,30311,37574,27539,38214,38195,42078,0,29595,0,24804,33360,38837,30494,40146
2016,5244,28004,25999,0,0,0,20094,31540,23014,18917,30133,25369,25419,0,16566,0,28901,25722,25417,28122,23661,26265,25435,0,15420,0,26308,28007,25239,22463,24771
2016,5245,50938,0,0,0,0,0,0,0,0,0,37434,0,0,0,0,0,0,0,0,0,49735,0,0,0,0,0,0,0,0,53859
2016,5251,39984,0,0,0,0,0,40131,0,0,0,30547,0,0,0,0,0,0,0,0,0,32475,0,0,0,0,0,30543,71404,0,0
2016,5252,47522,46556,0,64104,0,0,44937,47924,0,49407,37257,44550,0,31653,0,0,27313,37832,0,43191,42996,45557,0,42614,0,0,40841,44752,33403,44640
2016,5253,46114,0,0,0,0,0,42667,63264,0,0,0,0,0,0,0,0,0,0,0,0,46126,0,0,0,0,0,42638,63395,0,0
2016,5254,30509,35742,0,39511,0,16096,28057,34581,24501,29815,30956,34478,0,32269,0,25579,22608,33584,19139,32731,30786,34723,0,38435,0,25217,25582,33871,22565,31654
2016,6211,43941,49137,0,43086,0,43011,42104,48902,45144,43734,32460,33161,0,36810,0,31088,32149,33707,30215,32996,36854,40480,0,41260,0,34593,35729,40684,39747,37845
2016,6221,84091,100572,0,119022,87949,64534,69877,101533,70593,80024,68195,88100,0,89489,69473,58861,56859,87846,44748,60646,80301,96913,0,108144,85655,64281,66159,97602,68174,75094
2016,6222,51841,56642,0,66966,0,35126,44419,58561,47685,57054,46533,54458,0,81141,0,32166,42884,54657,33871,45413,48369,55092,0,71638,0,32982,43618,55925,38160,49347
2016,6231,57857,63076,0,61009,0,49961,55218,61647,55660,56222,50251,52968,0,44741,0,52307,50570,52228,48737,49135,52400,56849,0,51621,0,51525,51514,56385,49232,50724
2016,6232,40424,43666,17801,41403,15583,39948,36030,41910,32372,41775,40934,44774,0,31505,0,39967,39867,42901,38353,38975,40580,44237,22160,38825,15691,39958,37499,42156,33980,40578
2016,6235,54634,57857,0,87553,89794,54138,49364,61368,21367,47515,49094,48652,0,54868,0,47408,50348,49575,48532,47524,50717,52602,0,68854,57561,49575,50187,54046,45819,47523
2016,6311,29248,30226,0,32595,0,29388,27035,30723,28312,32886,26448,28736,0,26259,0,26209,25570,27751,27904,27452,27129,29830,0,27067,0,26697,25948,29024,28300,29062
2016,6312,45988,0,0,0,0,0,0,0,0,0,36664,36435,0,0,0,33255,36454,44062,0,41061,38246,41788,0,0,0,33760,37151,42926,40125,41838
2016,6313,54558,49112,0,0,0,0,54009,49689,0,56678,45761,56955,0,0,0,0,43066,56780,0,46607,49663,52000,0,0,0,45155,47580,50268,48725,51278
2016,6314,51761,52543,0,76193,0,38174,49135,54120,0,56907,49962,50167,0,60613,0,45514,50319,50462,45754,49781,50511,50719,0,61296,0,41898,49707,51744,43838,51553
2016,6315,52894,55841,0,0,0,49837,49862,55846,64070,57445,36921,34457,0,0,0,30205,39203,41244,43448,30766,48717,53371,0,0,0,43239,47273,52754,59416,50672
2016,6316,43010,44606,0,46361,0,36035,41775,44608,52246,44271,41905,42986,0,0,0,38661,40149,46030,44556,40590,42220,44573,0,50124,0,37189,41629,44872,47240,43554
2016,6321,34516,33825,0,34266,0,25311,29999,34205,40353,39181,30426,30424,0,26229,0,24381,24422,28991,32298,33756,33535,32893,0,30180,0,25228,28729,33106,38651,37510
2016,6322,26040,28461,0,21088,0,24607,24369,27069,30818,29315,26636,30365,0,24358,0,25796,25142,29151,31478,29628,26265,29226,0,23598,0,25053,24696,28087,30956,29481
2016,6331,40321,36326,0,0,0,40569,39079,38153,43229,39763,28375,0,0,0,0,32046,26991,0,0,28340,39025,36180,0,0,0,38983,38483,36550,43115,37574
2016,6332,31426,31895,0,30016,0,32166,30411,29334,30623,33105,26909,26766,0,0,0,26980,26952,26398,29034,26325,28178,27759,0,27728,0,28835,27901,27124,29509,28100
2016,6341,23443,27618,0,0,0,19878,19622,25434,24490,22580,21459,23772,0,20470,0,17721,18215,23405,21454,21772,21823,25491,0,20470,0,18954,18350,23540,22119,21853
2016,6342,28446,0,0,0,0,28500,26820,30317,17316,0,25098,21619,0,0,0,26429,23545,22579,23913,24847,25438,23376,0,0,0,26798,24305,23950,23791,25239
2016,6343,15859,0,0,0,0,15864,22483,0,0,0,24930,0,0,0,0,0,0,0,0,0,21314,0,0,0,0,23951,22465,0,0,0
2016,6344,34389,47857,0,0,0,33609,31168,47340,36252,30703,31937,36866,0,0,0,0,26006,28425,0,35634,33164,37366,0,0,0,32050,29089,34847,31950,33727
2016,6345,38928,0,0,0,0,38333,42288,40261,27750,25184,28220,0,0,0,0,31140,34174,0,0,0,36106,33755,0,0,0,36009,39580,35781,23880,23206
2016,6346,59958,59571,0,0,0,0,0,59537,0,65082,53691,56281,0,0,0,0,38497,57129,0,52154,56613,58081,0,0,0,0,44866,57944,0,57310
2016,6411,64865,73960,0,68211,0,52210,59609,72057,67328,67920,51918,59062,0,50101,0,48137,50184,58065,51094,50784,60244,67431,49106,60873,0,49840,55980,65630,61217,61129
2016,6421,41243,46004,36387,47037,41245,39522,39200,44607,42377,42220,29220,31346,29220,30156,0,27806,28430,31442,28075,30069,34181,38339,30113,39094,41269,31504,32872,38017,36043,34900
2016,6511,20818,0,0,0,0,0,0,0,0,0,20182,19825,0,0,0,19938,19330,19792,0,22150,20228,20355,0,0,0,21079,19280,19808,0,22156
2016,6512,20408,20597,0,0,0,21959,19500,20364,17662,22682,18600,19531,0,0,0,18153,18340,19577,17438,19104,19230,19988,0,21914,0,19024,18716,19955,17491,20274
2016,6513,20010,21235,0,23185,0,19743,19036,21334,26000,20218,18826,18431,0,21375,0,18745,18472,18812,20029,19484,19113,19425,0,21710,0,18836,18574,19880,20634,19685
2016,6521,39481,41406,0,30793,0,0,35018,41031,0,41531,38435,37510,0,45449,0,34966,37555,38151,43195,39293,38654,39118,0,39158,0,31585,37209,39062,41163,39714
2016,6522,61530,64604,0,0,0,0,61706,59889,0,62496,51791,51989,0,53299,0,0,52786,52854,50733,50409,53163,54207,0,51185,0,0,54453,54262,50701,52562
2016,6523,50645,48600,0,0,0,36864,54241,49713,0,52084,41301,35282,0,0,0,31290,41903,35493,53703,48743,46052,42964,0,38448,0,31759,46925,41330,41646,48879
2016,6524,62066,0,0,0,0,0,62810,61647,0,62023,47796,0,0,0,0,0,47709,58561,0,42784,54727,61675,0,0,0,42658,57089,61573,62546,48417
2016,6525,32579,32160,0,0,0,28960,30408,33247,0,33494,29722,34633,0,0,0,24442,28394,35122,25476,29675,30783,33560,0,33185,0,26018,29381,34617,25522,30808
2016,6531,34109,36599,0,0,0,0,0,36599,0,0,31297,0,0,0,0,0,0,0,0,0,31960,36017,0,0,0,0,31246,36017,0,34055
2016,6532,32188,0,0,0,0,0,0,0,0,32187,21864,0,0,0,0,0,0,21882,0,0,26157,0,0,0,0,0,26128,21776,0,32168
2016,6533,48751,49146,0,0,0,43728,47894,50083,46798,50057,44059,48146,0,0,0,40572,42944,48778,45828,44569,46528,48932,0,0,0,41245,46088,49948,46081,46590
2016,6541,35050,34313,27943,33003,34847,32476,34626,33575,31091,38549,37914,41687,0,48653,0,31836,36122,39650,32377,39873,35552,35175,28342,33512,34866,32413,35040,34322,31474,38915
2016,6551,42911,43188,0,61612,0,40313,40444,45152,38370,41180,38472,38665,0,37623,0,38286,38614,39559,35474,38076,39414,40405,0,47430,0,39267,38977,41527,35607,38436
2016,6552,44431,46109,0,42923,33190,44189,42227,45972,46474,46347,40884,42555,0,39844,43613,38456,40600,42511,36643,41042,42073,43434,26965,40936,38305,39763,41309,43321,39624,42539
2016,6561,54235,0,0,0,0,0,0,43455,0,0,31795,26553,0,0,0,0,28824,27842,0,34509,34753,36112,0,0,0,0,31801,36176,0,35234
2016,6562,20340,29622,0,0,0,22743,20048,30033,18271,17560,22457,25399,0,24718,0,17760,21047,25094,22241,23841,22245,25420,0,24186,0,18045,20957,25195,22104,23513
2016,6563,23644,24570,0,0,0,21335,24589,25165,0,22628,21977,23697,0,35167,0,21298,21697,21629,19467,23446,22307,23799,0,35142,0,21321,22125,22764,19486,23289
2016,6564,0,0,0,0,0,0,0,0,0,0,13474,0,0,0,0,4830,0,0,0,0,20060,0,0,0,0,4830,0,0,0,29920
2016,6611,24167,25740,0,26899,0,22518,23904,25787,26860,24207,23612,23947,0,25988,0,22970,23413,24189,23840,24111,23721,24261,21247,26099,0,22951,23530,24418,23941,24127
2016,6621,27483,25661,0,0,0,26630,27727,26008,47571,27633,25351,12536,0,0,0,27948,24656,23651,0,26511,26727,25645,0,23619,0,26662,26659,25641,47245,27028
2016,6622,32344,33294,0,44603,0,31101,31826,32894,33313,33757,28570,30830,0,32386,0,27973,28118,30393,29606,29545,30275,32544,0,32528,0,29159,29864,32185,30933,31144
2016,6623,39194,45867,0,59156,0,33533,34382,45839,43352,40832,26824,34195,0,29046,0,24126,25196,32490,29497,30950,31648,38345,0,40936,0,24819,27088,37963,30012,34272
2016,6711,24363,27444,0,28194,0,25319,23096,27512,28292,24884,23559,23660,0,23472,0,23299,22770,24219,28285,25171,23756,24355,0,23960,0,23827,22859,24795,28287,25093
2016,6721,35203,0,0,0,0,39728,35113,30287,0,34923,37288,0,0,0,0,0,28224,37349,0,44140,37185,42381,0,0,0,39789,33723,37275,0,38974
2016,6722,45255,43254,0,0,0,36694,45495,45572,57357,44765,27352,37534,0,0,0,24031,27009,34927,25249,26461,38398,42164,0,0,0,29523,37824,42939,50199,41039
2016,6731,32563,33722,0,36844,0,31332,32192,33767,33555,34233,27176,31303,0,22952,0,25628,27762,30225,29747,27789,28964,33028,39534,29985,0,27030,29218,31984,31325,29695
2016,6732,32026,30266,0,0,0,32353,31637,30316,38185,32348,29033,0,0,0,0,30118,28269,29610,41152,28183,31571,30290,0,0,0,32008,30895,30226,38302,30687
2016,6733,46789,47233,0,49322,37671,41314,45897,46504,49059,50058,39192,37171,0,54758,0,32038,40559,38870,38938,41621,45124,45176,0,49736,37715,39556,44748,44952,48017,48538
2016,6741,31467,26497,0,0,0,33548,35385,26001,32128,31607,30349,19368,0,0,0,31198,30741,23173,30261,32726,30829,22707,0,27505,0,32018,31137,24004,30620,32711
2016,6742,35539,38765,0,27475,0,35028,34487,38720,33638,36677,33392,44932,0,0,0,36441,30601,39827,29844,38804,35067,39501,0,35082,0,35065,33626,38905,32062,37527
2016,7201,74393,79621,0,0,0,71751,65929,66635,82083,74041,50315,0,0,0,0,0,49446,62749,0,56299,73447,64748,0,0,0,71438,64445,65717,82061,73886
2016,7202,85310,78193,0,83825,0,69637,57012,79620,96189,89703,71514,82389,0,0,0,0,41835,82346,0,81541,83819,79130,0,86092,0,70016,56869,80267,96062,88350
2016,7203,89444,83263,0,0,0,56154,86074,63991,92996,85821,51958,0,0,0,0,0,0,0,0,0,89140,84157,0,0,0,56154,82931,83301,93047,83085
2016,7204,47741,52456,0,0,0,42389,40617,51118,59949,47738,41592,0,0,0,0,0,29363,0,0,0,47465,52456,0,0,0,43892,40164,51118,59923,47695
2016,7205,53202,52222,0,39451,0,48123,49624,50766,64956,60742,39124,38963,0,0,0,45087,38780,36431,0,45027,52424,50711,0,38766,0,48046,49119,46129,64934,58095
2016,7231,58881,54342,0,61540,0,52939,54039,57435,62201,60466,45939,48009,0,0,0,34389,40340,51213,51272,47722,58226,54045,0,58313,0,51198,53608,56407,62070,59982
2016,7232,67844,68910,0,0,0,54733,54227,69783,74517,71018,41841,0,0,0,0,0,42645,0,0,39297,67406,68679,0,0,0,53562,52861,69057,74469,70944
2016,7233,63319,63685,0,0,0,54680,44197,58349,71886,61315,32958,0,0,0,0,0,0,0,0,0,62848,52850,0,0,0,54480,43485,54239,71981,60879
2016,7234,87275,0,0,0,0,0,51676,0,89296,101730,0,0,0,0,0,0,0,0,0,0,87151,0,0,0,0,0,53587,0,89296,108550
2016,7235,56502,85539,0,0,0,44697,54511,68492,60015,60155,0,0,0,0,0,0,0,0,0,0,56641,85818,0,0,0,44795,54643,77448,60015,60519
2016,7236,77977,68353,0,0,0,63097,67696,70994,86261,80495,35327,0,0,0,0,0,0,0,0,0,77619,68383,0,0,0,63097,67342,69015,86176,77733
2016,7237,51123,48081,0,44560,0,47884,49475,48250,54583,52036,39689,0,0,0,0,36560,39796,37027,41352,41854,50501,47924,0,44176,0,47224,48936,47971,54306,51550
2016,7241,62732,58942,0,62961,0,41805,34337,59536,68809,65242,49035,0,0,0,0,0,0,0,56399,56869,62576,55799,0,62961,0,38854,34360,59307,68701,65172
2016,7242,86570,86578,0,75947,0,0,57147,86108,86294,89469,64985,0,0,0,0,0,44247,0,64841,71149,86367,86472,0,76171,0,0,57104,86146,86264,89108
2016,7243,106590,104174,0,0,0,0,62493,103442,108655,107816,89495,0,0,0,0,0,0,0,0,89495,105261,104174,0,0,0,0,62493,103442,108655,106301
2016,7244,98895,92983,0,0,0,59788,63179,95776,107252,95370,71560,0,0,0,0,0,0,0,0,0,98744,92983,0,0,0,59788,64777,93537,107119,95173
2016,7245,57650,46741,0,0,0,60290,56683,48017,61346,61481,50667,0,0,0,0,0,53295,0,0,54298,57309,47918,0,0,0,57701,56648,48060,60965,60780
2016,7246,62785,67096,0,88157,0,55625,60742,66531,56799,67095,65633,72001,0,0,0,0,59342,74516,0,65614,62940,67340,0,85680,0,54865,60652,68623,57046,66872
2016,7247,54566,0,0,0,0,0,38220,0,0,68896,0,0,0,0,0,0,0,0,0,0,53334,0,0,0,0,0,37291,0,0,68896
2016,7251,59635,50730,0,0,0,41320,39353,51112,65438,61563,45670,0,0,0,0,0,40023,0,50662,57944,59409,49037,0,0,0,41314,39430,51105,65360,61415
2016,7252,80183,73396,0,0,0,60396,54297,68000,85573,79769,0,0,0,0,0,0,0,0,0,0,79900,73396,0,0,0,60396,53961,68000,85362,79337
2016,7253,48906,48905,0,0,0,67761,74501,43908,46607,50366,67686,0,0,0,0,0,0,0,0,0,48947,67597,0,0,0,61695,74262,48959,46487,50331
2016,7271,43247,39671,0,39120,0,41385,38699,39854,51310,44985,29663,28240,0,0,0,33062,29548,28240,33963,25730,43005,39465,0,39120,0,41167,38584,39735,51190,44850
2016,7272,39137,32273,0,38497,0,38471,37997,34743,44991,39740,35296,0,0,0,0,0,25602,0,0,35258,39001,33804,0,38497,0,38642,37390,34986,45455,39281
2016,7281,50387,45339,0,0,0,52816,43994,44056,55263,49614,0,0,0,0,0,0,0,0,0,0,50231,45369,0,0,0,52840,43931,44082,55263,49614
2016,7282,62975,0,0,0,0,68028,55071,72343,62689,55344,0,0,0,0,0,0,0,0,0,0,62954,0,0,0,0,68028,55129,72343,62689,55344
2016,7283,35233,28657,0,0,0,36419,32022,31044,39992,40054,0,0,0,0,0,0,0,0,0,0,35080,28657,0,0,0,36504,30466,30991,39992,40054
2016,7284,39291,47022,0,0,0,37183,36295,42062,48603,37930,42796,0,0,0,0,43505,26814,0,0,0,39405,59168,0,0,0,37497,36225,45688,48611,37896
2016,7291,43664,35338,0,0,0,44352,43412,34944,45254,43206,43181,0,0,0,0,0,0,0,0,0,43651,35455,0,0,0,44432,43330,35536,45145,43108
2016,7292,48058,46132,0,0,0,40614,45974,45255,58916,44689,33652,0,0,0,0,0,0,0,0,0,46888,46146,0,0,0,40258,45239,45255,57896,41210
2016,7293,51383,0,0,0,0,38034,39121,79528,78114,55930,31720,0,0,0,0,0,0,0,0,0,51119,0,0,0,0,38152,37883,70010,78114,56046
2016,7294,31949,25665,0,30337,0,32586,30901,24433,42999,30231,27991,36952,0,0,0,29662,27506,30013,26489,30965,31295,29964,0,29378,0,32196,30636,28523,40727,30309
2016,7295,31478,24911,0,0,0,31246,32331,24886,33984,29170,33553,0,0,0,0,0,34283,0,0,0,31488,24877,0,0,0,29894,32535,24870,33984,29338
2016,7301,73426,72012,0,78248,0,57961,64073,70061,79059,78013,51817,0,0,0,0,0,49510,0,0,38838,72383,72091,0,78248,0,57937,62156,71721,78982,77094
2016,7302,77370,73585,0,82460,0,76362,74217,73904,84672,79828,61734,80589,0,0,0,0,51051,80224,53703,59937,76892,74059,0,82460,0,75896,73597,74209,84093,79237
2016,7303,64215,67149,0,0,0,62293,62293,65100,73940,64948,46170,58896,0,0,0,0,44025,54395,0,47801,59361,60323,0,0,0,60687,57641,59102,73940,60478
2016,7304,88626,84264,0,0,0,0,87327,82388,78780,95690,77387,0,0,0,0,0,0,0,0,0,87097,82149,0,0,0,105972,87358,77583,78780,95444
2016,7305,71900,83513,0,89640,0,58544,73197,83298,71782,72728,54127,90688,0,0,0,44666,50072,78666,0,60064,68702,83585,0,76010,0,54200,64896,83133,70977,69087
2016,7311,75609,77972,0,68575,0,62004,56655,77379,79686,78280,50483,0,0,0,0,0,43973,0,80321,49675,75354,77212,0,68312,0,61226,56056,77019,79717,78069
2016,7312,66690,76071,0,0,0,49691,53087,73894,67756,72754,45042,0,0,0,0,0,0,0,0,0,66478,75510,0,0,0,49691,53026,70893,67792,72588
2016,7313,64122,67591,0,84272,0,43465,43570,65397,69176,63902,55303,0,0,0,0,0,55457,0,0,50232,63884,67613,0,84272,0,44511,45544,65408,69229,63687
2016,7314,73918,82460,0,0,0,0,71480,83564,72880,77479,0,0,0,0,0,0,0,0,0,0,74095,82460,0,0,0,0,71480,83564,72651,77482
2016,7315,76232,87175,0,90334,0,54241,70440,84664,72019,78449,58664,0,0,0,0,0,47044,75095,0,55010,75569,87107,0,90381,0,54207,69076,83873,71939,77725
2016,7316,59999,84741,0,0,0,47430,47730,64721,67678,63183,48203,0,0,0,0,0,0,0,0,0,58859,64763,0,0,0,47562,45567,55232,67678,62182
2016,7318,108478,108308,0,0,0,60336,85033,110590,113130,108357,0,0,0,0,0,0,0,0,0,0,108478,108308,0,0,0,60336,85033,110590,113130,108357
2016,7321,52868,52394,0,58551,0,40297,35274,53396,57021,56419,43029,44555,0,0,0,37498,42560,43365,30079,46056,52665,50863,0,56528,0,39899,35627,52487,56937,56297
2016,7322,49249,45972,0,0,0,42831,43880,45853,52012,52361,44422,0,0,0,0,41218,43240,0,0,50103,49147,45972,0,0,0,42435,43869,45853,51830,52306
2016,7331,46975,0,0,0,0,0,37344,52674,47125,52182,0,0,0,0,0,0,0,0,0,0,47242,0,0,0,0,0,40505,52674,47125,53789
2016,7332,41305,37769,0,0,0,27338,40287,39068,43303,44732,0,0,0,0,0,0,0,0,0,0,41083,37854,0,0,0,27338,39755,39138,43303,43629
2016,7333,65927,69210,0,0,0,55018,52356,63817,66293,77299,39494,0,0,0,0,0,0,0,0,0,65605,69209,0,0,0,54797,52268,63816,66293,77115
2016,7334,54458,0,0,0,0,51683,44420,0,56793,54471,0,0,0,0,0,0,0,0,0,0,54332,0,0,0,0,51683,44420,0,56701,53755
2016,7335,40609,0,0,0,0,33530,39202,0,39739,45250,0,0,0,0,0,0,0,0,0,0,40631,0,0,0,0,33530,39118,0,39739,48445
2016,7361,118191,120206,0,0,0,123432,119623,116655,117264,117723,105355,0,0,0,0,0,0,0,0,0,117737,119830,0,0,0,123558,118614,116574,117080,117452
2016,7362,87063,88211,0,0,0,94696,86145,85886,85706,87437,78307,0,0,0,0,0,0,0,0,67040,86451,88144,0,0,0,94696,85261,87129,84402,86338
2016,7371,69444,88237,0,0,0,58858,59874,74606,86260,71182,59099,0,0,0,0,0,59071,0,0,0,68801,88162,0,0,0,58792,59849,73045,86260,69701
2016,7372,68442,0,0,0,0,80785,66141,0,73267,71998,0,0,0,0,0,0,0,0,0,0,68442,0,0,0,0,80785,66141,0,73267,71998
2016,7373,57098,0,0,0,0,0,60216,0,57268,55561,0,0,0,0,0,0,0,0,0,0,57098,0,0,0,0,0,60216,0,57268,55561
2016,7381,50918,52051,0,38141,0,48769,52007,51977,56885,48707,39659,42150,0,0,0,33790,39217,41887,38325,44057,49264,46709,0,38055,0,46748,50482,46221,55214,47665
2016,7384,47781,51303,0,0,0,36054,43158,48826,51650,54462,30008,0,0,0,0,28267,0,22334,0,32350,46817,43410,0,0,0,33734,43018,37790,51499,52598
2016,7441,40883,37075,0,40086,0,39305,39424,36846,46753,42608,36643,38845,0,0,0,32367,35619,40476,0,45878,40662,37801,0,40086,0,39000,39127,37025,46705,42632
2016,7442,71701,79438,0,0,0,71511,67743,72790,80384,75556,54866,0,0,0,0,0,0,0,0,0,70728,73158,0,0,0,65240,67624,67361,75008,74515
2016,7444,49699,49683,0,52844,0,42992,43993,51486,45327,57896,41472,0,0,0,0,0,0,0,0,0,49233,49788,0,52844,0,43268,43813,49799,41489,57600
2016,7445,43634,46094,0,0,0,37085,41905,40002,56492,47813,34728,0,0,0,0,0,31695,0,0,39054,42884,47945,0,0,0,36413,41846,40057,56282,46638
2016,7451,48849,0,0,0,0,56071,50998,0,0,0,0,0,0,0,0,0,0,0,0,0,49256,0,0,0,0,56071,51116,0,0,0
2016,7452,42734,41512,0,43776,0,43211,42955,41915,42780,41777,35853,33546,0,37124,0,34632,36711,32787,36727,37511,41644,39452,0,38748,0,41680,42147,39165,41767,40705
2016,7511,48857,30040,23212,29965,32984,50078,49367,30043,53006,47740,39762,48712,0,0,0,35871,41845,37582,45085,37562,48607,30064,23212,29998,32920,49761,49169,30060,52907,47468
2016,7512,70048,73134,0,80203,0,63963,69756,73574,69221,70332,55604,68361,0,0,0,45774,57024,64900,32201,55883,67794,72890,0,78467,0,58205,67814,72925,65035,67461
2016,7513,14978,13481,12015,13324,0,14309,15748,13371,18019,15010,20837,20115,0,0,0,17273,23333,11210,16137,22886,15082,13495,12015,13088,0,14464,16296,13315,17961,15174
2016,7514,37693,31070,0,27603,0,36615,39066,30790,40494,36548,29128,40173,0,0,0,26221,30438,41224,29867,28406,37060,31660,0,27611,0,35694,38075,31062,40245,35387
2016,7521,63056,61907,0,0,0,63756,62873,61700,63062,63081,46838,0,0,0,0,0,39756,0,46795,53096,62759,65633,0,0,0,63632,62525,62731,62691,62416
2016,7522,58129,54229,0,0,0,58581,57888,59515,56446,59343,51808,0,0,0,0,0,59916,0,0,50840,58028,54076,0,0,0,58719,57922,59338,56369,58214
2016,7531,72659,73368,0,0,0,68834,71273,75277,68864,78807,80687,0,0,0,0,0,0,0,0,0,72914,75270,0,0,0,68834,71361,75426,68864,78726
2016,7532,57622,0,0,0,0,0,0,0,0,0,0,0,0,0,0,0,0,0,0,0,49611,0,0,0,0,0,49502,0,0,0
2016,7533,57298,0,0,0,0,0,53494,0,0,58363,0,0,0,0,0,0,0,0,0,0,57567,0,0,0,0,0,57165,0,0,58237
2016,7534,44367,50108,0,0,0,39742,46162,48303,54891,42273,34802,0,0,0,0,0,36134,29341,0,26016,43831,48383,0,0,0,39373,44937,47667,55925,40473
2016,7535,34760,37360,0,0,0,37037,32769,37229,42809,34356,30707,0,0,0,0,0,0,0,0,0,34712,37266,0,0,0,36895,32793,37135,42809,34444
2016,7611,45846,39369,0,41283,0,51032,43440,39359,54116,44053,33152,0,0,0,0,31199,36673,37693,31583,28164,45377,39330,0,41374,0,50257,43157,39317,53816,43611
2016,7612,44491,39848,0,0,0,46100,37462,39927,74425,54822,32512,0,0,0,0,26492,35892,0,0,0,40427,42793,0,0,0,37476,36976,42886,70951,52253
2016,7621,57781,57516,0,0,0,55447,58379,57574,55823,57779,42123,0,0,0,0,29657,46409,0,0,49221,57346,56427,0,0,0,53540,58100,57469,55731,56942
2016,7622,55621,0,0,0,0,43922,58197,0,73978,53916,0,0,0,0,0,0,0,0,0,0,55649,0,0,0,0,43922,58143,0,73978,53874
2016,8211,75189,0,0,0,0,88847,63450,89511,72011,75085,45773,0,0,0,0,0,0,68045,0,0,74618,58548,0,0,0,82638,63450,89090,72011,74911
2016,8221,119677,108434,0,0,0,89493,113804,115521,127507,124788,84882,0,0,0,0,0,0,0,0,0,119205,108292,0,0,0,89493,113804,108448,127267,124498
2016,8222,92634,0,0,0,0,0,89489,87106,93327,103598,0,0,0,0,0,0,0,0,0,0,92327,69958,0,0,0,0,89273,87407,93327,103551
2016,8231,104951,106558,0,0,0,108024,102201,118759,102176,107328,73473,0,0,0,0,0,0,0,0,0,104631,103135,0,0,0,108024,101710,118319,102176,107129
2016,8232,59482,0,0,0,0,50137,57299,0,64808,67230,30648,0,0,0,0,0,0,0,0,0,57924,0,0,0,0,48877,55971,0,64808,61954
2016,8241,62008,0,0,0,0,66342,61192,0,61206,57003,0,0,0,0,0,0,0,0,0,0,61271,0,0,0,0,66261,60307,0,61206,47266
2016,8252,37753,50566,0,0,0,22270,38102,51412,14997,45824,28030,25071,0,0,0,20412,31860,33066,38712,27782,34873,34749,0,51264,0,22203,36903,35926,23382,37534
2016,8255,44130,48479,0,63200,0,40454,43006,48980,48414,45797,39032,70690,0,0,0,34082,39923,53630,0,35961,43643,48805,0,63082,0,40306,42787,49069,42835,44625
2016,8261,55365,0,0,0,0,0,0,0,0,0,0,0,0,0,0,0,0,0,0,0,55365,0,0,0,0,0,0,0,0,0
2016,8262,40469,0,0,0,0,0,51120,0,0,0,0,0,0,0,0,0,0,0,0,0,38645,0,0,0,0,0,47616,0,0,0
2016,8411,79314,0,0,0,0,70106,65683,0,100983,94138,0,0,0,0,0,0,0,0,0,0,79104,0,0,0,0,74796,64700,0,101246,94926
2016,8412,80310,0,0,0,0,0,0,0,0,83803,0,0,0,0,0,0,0,0,0,0,78158,0,0,0,0,0,0,0,0,83803
2016,8421,39655,0,0,0,0,34263,41994,0,36574,43637,0,0,0,0,0,0,0,0,0,0,39653,0,0,0,0,34247,41994,0,36574,43637
2016,8422,53260,0,0,0,0,0,50887,0,0,62552,0,0,0,0,0,0,0,0,0,0,49131,0,0,0,0,0,50752,0,0,60918
2016,8431,31899,42050,0,0,0,27986,32738,38295,35685,34866,22601,23067,0,0,0,15661,26578,23067,11987,23369,28607,28830,0,0,0,24019,30832,28853,31164,30534
2016,8432,35025,38020,0,0,0,37400,33116,38074,29344,33986,24084,0,0,0,0,23211,24936,33714,0,23812,28458,34837,0,0,0,27553,28639,34977,28495,25646
2016,8441,0,0,0,0,0,0,0,0,0,0,0,0,0,0,0,0,0,0,0,0,0,0,0,0,0,0,0,0,0,0
2016,8442,34378,0,0,0,0,0,0,0,0,0,0,0,0,0,0,0,0,0,0,0,34378,0,0,0,0,0,0,0,0,0
2016,8611,36073,0,0,0,0,38103,32466,0,0,0,31496,0,0,0,0,33883,31534,30561,0,23684,33344,31811,0,0,0,36561,31590,31755,0,23758
2016,8612,35944,36612,0,0,0,32798,35321,41479,35311,41330,30541,49451,0,0,0,29126,29991,49135,27675,32169,35539,37222,0,0,0,32440,35012,42091,34002,40314
2016,8613,0,0,0,0,0,0,0,0,0,0,0,0,0,0,0,0,0,0,0,0,0,0,0,0,0,0,0,0,0,0
2016,8614,73812,0,0,0,0,55475,68357,0,82170,86573,0,0,0,0,0,0,0,0,0,0,72648,0,0,0,0,55384,66550,0,82170,86719
2016,8615,61681,0,0,0,0,74823,61537,0,0,0,0,0,0,0,0,0,0,0,0,0,61681,0,0,0,0,74823,61537,0,0,0
2016,8616,36607,0,0,0,0,34871,33652,0,0,36850,44713,0,0,0,0,0,0,0,0,0,37296,0,0,0,0,34965,33637,0,0,54803
2016,9211,75249,87665,0,0,0,61219,76076,83674,87639,78513,48073,0,0,0,0,0,43247,0,0,53765,73983,87918,0,0,0,58785,75229,83643,87430,75667
2016,9212,99998,99982,0,102095,0,64848,85085,98877,110331,113422,74536,83300,0,0,0,52964,57333,89639,50450,74953,94813,95118,0,101893,0,57825,78717,94972,109791,107595
2016,9213,64883,70039,0,68395,0,61486,60635,70164,50664,75676,48194,53729,0,53366,0,43646,44108,55060,0,57685,60270,59095,0,60872,0,53040,58016,61658,58732,69843
2016,9214,63447,56591,0,0,0,54399,64588,61465,69873,65630,45638,0,0,0,0,45639,47975,41893,0,43873,60431,51407,0,59927,0,52565,62395,56633,68695,62118
2016,9215,69934,104455,0,0,0,59682,74649,78956,63996,67013,68626,0,0,0,0,0,70973,0,0,0,69772,81268,0,0,0,59189,74296,78928,63902,67335
2016,9217,55295,0,0,0,0,49739,50297,0,0,0,39793,0,0,0,0,39817,40591,0,0,39552,45324,37308,0,0,0,46886,46200,37181,0,43416
2016,9221,86058,96407,0,74089,0,78068,83220,92259,91849,87161,56888,75517,0,0,0,57376,56994,72687,52711,54846,81684,94691,0,76413,0,73044,79562,89431,86184,82430
2016,9222,63333,60176,0,52004,0,50264,66685,57339,76931,59541,50126,71381,0,0,0,0,50003,71335,0,44909,59775,60579,0,52071,0,49996,63781,60548,76931,58326
2016,9223,70227,74446,0,0,0,46184,65815,74441,63175,83199,54138,0,0,0,0,58558,0,0,0,0,63317,74252,0,0,0,56079,58349,71995,63175,80966
2016,9224,55103,59461,0,0,0,53726,53402,61644,57346,49098,37921,0,0,0,0,0,34512,0,0,0,53115,56326,0,0,0,53568,52535,57012,57444,49075
2016,9226,72849,71722,0,0,0,72944,68161,72150,79747,72517,53074,0,0,0,0,0,50697,61359,0,0,70962,68796,0,0,0,63085,66100,70797,79688,74280
2016,9227,59848,70917,0,0,0,53602,53688,65771,63880,75562,44470,42972,0,0,0,38353,40920,42972,0,59894,55496,59000,0,0,0,51468,52218,57599,63592,72499
2016,9231,87818,96925,0,0,0,0,80297,105754,0,95375,0,0,0,0,0,0,0,0,0,0,87060,97209,0,0,0,0,78511,109576,90959,95375
2016,9232,98428,81352,0,65500,0,0,72619,72958,107246,116738,64648,94127,0,0,0,0,49767,78666,0,66265,94289,82351,0,65329,0,0,70357,74885,107025,112527
2016,9235,62056,35763,0,0,0,0,62787,35788,75923,67257,39394,0,0,0,0,0,42332,0,0,0,59003,41757,0,0,0,0,59186,35646,72125,65652
2016,9241,103122,122079,0,105013,0,62195,80814,116095,92737,109721,99853,112648,0,132360,0,0,58740,111421,109367,100679,102811,118330,0,105086,0,61676,79648,113965,94979,109382
2016,9243,69275,74483,0,71988,0,54193,65658,74538,69461,71431,64600,67961,0,0,0,0,57966,66729,46699,67132,68746,73008,0,68942,0,49417,64913,72861,69415,70273
2016,9411,64276,65950,0,0,0,54967,64385,59721,68688,67830,51316,0,0,0,0,42016,52292,0,0,61085,62435,65743,0,0,0,53056,62824,58552,68052,66989
2016,9412,51505,66159,0,0,0,49127,47530,66210,79176,61873,45586,0,0,0,0,0,42112,0,0,0,50198,61135,0,0,0,47967,45983,61004,79028,61882
2016,9413,41282,45534,0,0,0,44594,37585,41078,42483,39668,32406,0,0,0,0,31643,31511,0,0,0,40976,45667,0,0,0,43106,36238,43029,42368,47500
2016,9414,49133,40927,0,0,0,55265,46798,40887,50317,46540,42920,0,0,0,0,0,0,0,0,0,48938,42981,0,0,0,55155,46511,42926,50317,42938
2016,9415,63106,66358,0,0,0,62690,59783,59619,71306,66179,48255,42598,0,0,0,0,52497,42598,0,54921,60870,53668,0,0,0,55875,58129,53667,63153,64887
2016,9416,48307,42398,0,48797,0,48206,47634,45959,51428,49030,40062,0,0,0,0,39779,40090,24866,0,48680,47181,41016,0,41092,0,47177,46443,41864,49272,48816
2016,9417,50860,49640,0,49622,0,48700,48747,49522,54517,53242,38508,40618,0,0,0,37924,38619,40517,0,41529,49420,49555,0,49443,0,47470,46855,49418,53978,52855
2016,9418,48120,41936,0,0,0,45684,49470,45462,51820,50465,38261,0,0,0,0,32999,41586,0,0,35037,46973,41453,0,0,0,41581,47692,45421,51947,49440
2016,9421,55959,56151,0,62535,0,55309,55051,56068,60268,59028,38724,34852,0,0,0,30678,40346,33519,0,46641,51257,49984,0,53974,0,48040,50075,50199,58335,56992
2016,9422,48584,45464,0,53749,0,48279,46638,46401,58815,53797,34733,33568,0,0,0,34179,35321,33572,32677,35947,43735,38762,0,50027,0,41198,41733,41592,55008,48429
2016,9423,51708,48814,0,0,0,46952,53447,39779,46954,66059,32953,0,0,0,0,36647,31857,34061,0,33717,48151,48703,0,0,0,44775,48312,39159,44153,57770
2016,9431,41322,0,0,0,0,36463,40508,55849,51238,44239,51394,0,0,0,0,0,0,0,0,45966,42041,62496,0,0,0,35900,41358,55907,51316,45910
2016,9432,74320,0,0,0,0,65885,77356,0,0,80503,0,0,0,0,0,0,0,0,0,0,74327,0,0,0,0,65680,77356,0,0,80503
2016,9433,64003,81244,0,0,0,64008,62712,64002,0,58945,46158,0,0,0,0,0,48471,0,0,0,58216,81099,0,0,0,55769,58281,59046,0,56181
2016,9434,44926,0,0,0,0,41323,44874,69354,55700,45640,35324,0,0,0,0,35258,39073,0,0,0,43385,0,0,0,0,38761,44839,69294,53858,45518
2016,9435,51728,50862,0,0,0,45303,51537,50844,53695,57399,39051,0,0,0,0,36749,40263,0,0,38012,49316,53531,0,0,0,41437,48739,53508,53558,54485
2016,9436,42904,0,0,0,0,42639,42986,0,42121,53167,39233,0,0,0,0,0,0,0,0,0,42711,0,0,0,0,42639,42789,0,45115,53076
2016,9437,39931,42992,0,0,0,36035,41663,42027,40571,38921,35216,0,0,0,0,43421,29240,0,0,35198,39482,42992,0,0,0,39671,39887,42027,40469,38278
2016,9441,41649,0,0,0,0,41607,46250,30449,39890,45120,33803,0,0,0,0,32705,33984,0,0,37525,37157,0,0,0,0,36588,37209,30434,39724,37624
2016,9442,44923,0,0,0,0,33739,47856,44833,0,49776,28957,29253,0,0,0,30221,28802,29876,0,30883,32738,29296,0,0,0,30965,32694,32957,39794,33634
2016,9445,35966,0,0,0,0,35266,35012,0,0,0,28274,0,0,0,0,25211,24955,0,0,0,31753,0,0,0,0,29873,32801,0,0,0
2016,9446,30439,0,0,0,0,30705,26087,0,0,0,28197,27252,0,0,0,28062,28775,30006,27183,25966,28354,30042,0,0,0,28293,28669,30165,28831,26161
2016,9447,52368,0,0,0,0,0,44243,52403,0,61383,33973,42971,0,0,0,26398,25470,39591,0,43368,38724,45720,0,0,0,31855,34400,43750,0,51297
2016,9461,46718,47008,0,42643,0,44699,47743,45687,48352,46773,39723,41244,0,0,0,38847,39350,40917,45153,41522,44189,45394,0,41736,0,42063,44838,43170,47805,45134
2016,9462,41556,0,0,0,0,41699,40419,41702,45153,41073,37172,0,0,0,0,38687,35713,36036,37858,35830,39898,37516,0,0,0,40121,38987,37546,42415,39683
2016,9463,32659,0,0,0,0,0,0,0,0,0,32569,0,0,0,0,0,0,0,0,0,32589,0,0,0,0,0,30872,0,0,43412
2016,9465,54935,60705,0,50061,0,0,54201,55665,0,51097,47535,53351,0,0,0,37967,43505,53465,0,48881,50553,55890,0,52870,0,39688,47022,55444,58636,49274
2016,9471,45428,43567,0,0,0,48227,46872,41639,52098,45244,33846,33858,0,0,0,31917,37132,36719,0,30968,41828,39849,0,0,0,40530,42759,40182,50806,40182
2016,9472,55161,50076,0,0,0,52920,55007,50169,66510,54116,42969,0,0,0,0,0,46989,37868,0,44100,51348,43185,0,0,0,39197,54367,45780,66586,50084
2016,9473,46776,37863,0,0,0,47903,47811,40451,52132,40958,33668,0,0,0,0,31556,33725,40722,0,34289,40802,37879,0,0,0,38335,41595,40480,50977,36960
2016,9474,33465,56828,0,0,0,0,26465,56707,0,32423,28690,0,0,0,0,0,25711,33735,0,22976,29803,56609,0,0,0,0,26111,56646,0,29038
2016,9521,71984,64394,0,0,0,0,71716,82151,75711,70863,44751,40396,0,0,0,0,44601,48197,0,50183,67372,59755,0,0,0,0,64357,64440,74847,68081
2016,9522,56289,56044,0,52809,0,53164,55763,55166,57173,60011,44105,44716,0,42856,0,41924,44717,44720,44024,46306,51883,53261,0,48651,0,47426,51984,51933,53005,55348
2016,9523,42207,44853,0,37104,0,42659,39346,44852,49563,45132,34323,33129,0,32679,0,33146,34745,32876,35222,34776,36627,36256,0,36889,0,34994,36415,37108,38128,39278
2016,9524,49019,50978,0,0,0,43132,43873,50969,64472,57692,35844,36592,0,0,0,35871,37986,36530,31455,32733,42639,48623,0,39010,0,37773,40143,48308,54668,51454
2016,9525,52420,0,0,0,0,43978,51486,0,54743,53217,36008,0,0,0,0,0,34562,0,0,0,50022,37858,0,0,0,43801,46113,41926,54601,53122
2016,9526,51734,54375,0,0,0,46409,50860,54376,55288,54537,42043,42532,0,0,0,39229,41823,38437,0,46581,49009,49907,0,45250,0,44509,48486,49857,55658,51842
2016,9527,46066,0,0,0,0,46046,45071,45663,0,53386,36627,0,0,0,0,0,31740,0,0,0,43645,0,0,0,0,43656,41490,45532,0,46556
2016,9531,38438,0,0,0,0,38839,29677,0,38099,38596,0,0,0,0,0,0,0,0,0,0,38505,0,0,0,0,38839,29677,0,38099,39488
2016,9532,36747,37749,0,0,0,37792,36291,37016,35093,37322,32779,28273,0,0,0,31384,34035,28279,0,34088,35809,36814,0,0,0,36302,36101,35676,33665,36398
2016,9533,37068,44879,0,0,0,37202,36493,44134,38266,37630,36393,0,0,0,0,37630,34837,0,0,0,37001,44846,0,0,0,37373,35787,44727,38376,37585
2016,9534,39212,33821,0,0,0,42444,38601,34111,40522,38791,31201,0,0,0,0,31295,28336,0,0,32640,38266,33935,0,0,0,40801,37421,34210,33435,38270
2016,9535,39606,51708,0,0,0,38750,36310,48126,47285,44279,36362,37439,0,44362,0,35217,36429,37521,32913,38400,37566,43290,0,44359,0,36976,36363,42720,41953,39601
2016,9536,51890,70523,0,55535,0,48688,51756,68094,52546,52523,51172,43867,0,0,0,39762,51237,42667,53242,60351,51822,62221,0,55462,0,46217,51422,64769,53038,55482
2016,9537,40817,42561,0,35383,0,39509,40075,42979,42450,44545,33979,36363,0,0,0,32249,34204,34998,34159,33507,38063,39234,0,30765,0,37322,37464,40466,41648,39517
2016,9611,52759,44907,0,0,0,45797,54134,38754,53059,60548,39553,0,0,0,0,42630,39410,0,0,33707,51717,51481,0,0,0,45257,52934,44551,53059,56464
2016,9612,43657,41573,0,0,0,40264,44800,44030,48487,47366,34659,30662,0,0,0,31530,35872,30610,0,37501,42176,39666,0,28871,0,38822,42941,41729,47059,44109
2016,9613,50650,44109,0,0,0,45495,48430,47437,63358,57786,38764,41026,0,43412,0,34575,38311,39974,27474,45211,44731,41347,0,41913,0,39380,43302,41982,59936,49797
2016,9614,44850,40872,0,0,0,41760,45359,40890,47163,50198,30197,30167,0,0,0,27225,33326,30185,0,29782,40396,34533,0,0,0,37031,43009,39189,38362,40761
2016,9615,43148,0,0,0,0,41955,42210,51219,51177,40229,32669,33936,0,0,0,33582,31447,34381,0,38517,37536,34768,0,0,0,36071,37559,38673,44005,38542
2016,9616,36762,0,0,0,0,35711,36651,0,0,37281,28235,0,0,0,0,25772,29932,28745,0,25881,30331,31330,0,0,0,28179,33495,28775,0,28721
2016,9617,38892,43331,0,38705,0,36423,39080,43316,38210,41065,33148,32871,0,27920,0,34260,32840,32201,31681,31561,35852,36193,0,30178,0,35132,35998,36221,36024,36793
2016,9618,28175,0,0,0,0,25672,0,0,0,0,27436,0,0,0,0,27182,38105,0,0,0,27456,0,0,0,0,27146,37029,0,0,0
2016,9619,37816,36729,0,38973,0,37641,37271,36519,42434,39481,30164,28878,0,30965,0,29131,30917,28869,31215,31451,34037,32276,0,34404,0,32606,34611,32611,40325,35247
2016,AA,60345,,,,,,,,,,49713,,,,,,,,,,55121,69994,82331,83934,101941,38570,44625,73618,54122,53007
